points,minsPlayed,goalsScored,assists,cleanSheets,goalsConceded,ownGoals,penSaved,penMissed,yelCards,redCards,saves,bonus,bonusPointSystem,influence,creativity,threat,ictIndex,netTransfers,selectedBy,costGBP,playerName,oppositionTeam
1.0,90.0,0.0,0.0,0.0,3.0,0.0,0.0,0.0,0.0,0.0,0.0,0.0,14.0,14.8,11.8,1.0,2.8,0.0,187445.0,4.5,112,9
3.0,90.0,0.0,0.0,1.0,0.0,0.0,0.0,0.0,0.0,0.0,0.0,0.0,24.0,36.4,24.6,1.0,6.2,0.0,138291.0,5.0,157,18
5.0,90.0,0.0,0.0,1.0,0.0,0.0,0.0,0.0,1.0,0.0,0.0,0.0,0.0,0.0,0.0,0.0,0.0,0.0,51620.0,4.5,127,6
1.0,16.0,0.0,0.0,0.0,1.0,0.0,0.0,0.0,0.0,0.0,0.0,0.0,14.0,11.2,10.4,6.0,2.8,0.0,12911.0,5.5,200,5
1.0,90.0,0.0,0.0,0.0,2.0,0.0,0.0,0.0,0.0,0.0,0.0,0.0,13.0,13.2,6.9,6.0,2.6,0.0,340758.0,5.5,38,14
1.0,90.0,0.0,0.0,0.0,1.0,0.0,0.0,0.0,1.0,0.0,0.0,0.0,11.0,6.8,17.2,21.0,4.5,0.0,42909.0,5.5,132,5
7.0,90.0,0.0,0.0,1.0,0.0,0.0,0.0,0.0,0.0,0.0,0.0,1.0,12.0,18.4,1.1,17.0,3.7,0.0,30741.0,5.0,180,11
2.0,90.0,0.0,0.0,0.0,3.0,0.0,0.0,0.0,0.0,0.0,3.0,0.0,0.0,0.0,0.0,0.0,0.0,12224.0,16303.0,5.0,274,2
0.0,90.0,0.0,0.0,0.0,3.0,0.0,0.0,0.0,1.0,0.0,0.0,0.0,0.0,0.0,0.0,0.0,0.0,-44155.0,347655.0,5.5,279,11
1.0,20.0,0.0,0.0,0.0,1.0,0.0,0.0,0.0,0.0,0.0,0.0,0.0,0.0,0.0,0.0,0.0,0.0,0.0,28676.0,6.0,45,7
2.0,90.0,0.0,0.0,0.0,1.0,0.0,0.0,0.0,0.0,0.0,0.0,0.0,14.0,14.8,11.8,1.0,2.8,0.0,187445.0,4.5,112,19
-2.0,90.0,0.0,0.0,0.0,7.0,0.0,0.0,0.0,1.0,0.0,0.0,0.0,19.0,37.6,0.8,37.0,7.5,0.0,1528505.0,6.5,357,0
5.0,90.0,0.0,1.0,0.0,1.0,0.0,0.0,0.0,0.0,0.0,0.0,0.0,11.0,10.4,11.2,0.0,2.2,0.0,70232.0,5.0,327,12
1.0,20.0,0.0,0.0,0.0,0.0,0.0,0.0,0.0,0.0,0.0,0.0,0.0,8.0,7.6,2.9,2.0,1.3,0.0,111474.0,6.0,161,18
1.0,45.0,0.0,0.0,0.0,1.0,0.0,0.0,0.0,0.0,0.0,0.0,0.0,4.0,2.4,4.3,0.0,0.7,0.0,33970.0,5.0,108,6
2.0,90.0,0.0,0.0,0.0,1.0,0.0,0.0,0.0,0.0,0.0,1.0,0.0,11.0,5.0,0.0,0.0,0.5,9469.0,354253.0,6.0,320,10
8.0,76.0,1.0,0.0,1.0,0.0,0.0,0.0,0.0,0.0,0.0,0.0,0.0,2.0,0.0,0.3,0.0,0.0,-2600.0,79393.0,7.0,135,11
3.0,90.0,0.0,0.0,1.0,0.0,0.0,0.0,0.0,0.0,0.0,0.0,0.0,0.0,0.0,0.0,0.0,0.0,7630.0,8659.0,6.0,129,6
1.0,9.0,0.0,0.0,0.0,1.0,0.0,0.0,0.0,0.0,0.0,0.0,0.0,6.0,3.0,0.4,0.0,0.3,0.0,3045.0,5.0,35,3
3.0,90.0,0.0,0.0,1.0,0.0,0.0,0.0,0.0,0.0,0.0,0.0,0.0,19.0,23.2,29.8,0.0,5.3,-5200.0,54426.0,6.0,184,13
2.0,90.0,0.0,0.0,0.0,1.0,0.0,0.0,0.0,0.0,0.0,0.0,0.0,6.0,6.2,11.5,12.0,3.0,0.0,5791.0,4.5,154,13
1.0,45.0,0.0,0.0,0.0,4.0,0.0,0.0,0.0,0.0,0.0,0.0,0.0,0.0,0.0,0.0,0.0,0.0,0.0,8154.0,5.5,96,12
2.0,90.0,0.0,0.0,0.0,1.0,0.0,0.0,0.0,0.0,0.0,0.0,0.0,4.0,8.8,0.8,6.0,1.6,0.0,1006715.0,5.0,3,2
2.0,90.0,0.0,0.0,0.0,1.0,0.0,0.0,0.0,0.0,0.0,0.0,0.0,23.0,9.8,26.4,4.0,4.0,0.0,240975.0,5.0,264,2
12.0,90.0,0.0,1.0,1.0,0.0,0.0,0.0,0.0,0.0,0.0,0.0,3.0,0.0,0.0,0.0,0.0,0.0,0.0,108444.0,4.0,103,12
1.0,1.0,0.0,0.0,0.0,0.0,0.0,0.0,0.0,0.0,0.0,0.0,0.0,0.0,0.0,0.0,0.0,0.0,0.0,4288.0,6.5,84,11
6.0,90.0,0.0,0.0,1.0,0.0,0.0,0.0,0.0,0.0,0.0,0.0,0.0,28.0,20.6,1.2,0.0,2.2,0.0,71148.0,4.5,147,12
2.0,90.0,0.0,0.0,0.0,3.0,0.0,0.0,0.0,0.0,0.0,4.0,0.0,16.0,31.2,0.0,0.0,3.1,0.0,43295.0,4.5,240,5
3.0,66.0,0.0,0.0,1.0,0.0,0.0,0.0,0.0,0.0,0.0,0.0,0.0,5.0,0.0,2.5,24.0,2.7,0.0,215629.0,6.5,174,18
2.0,79.0,0.0,0.0,0.0,1.0,0.0,0.0,0.0,0.0,0.0,0.0,0.0,11.0,8.8,11.3,0.0,2.0,0.0,10809.0,5.0,16,2
7.0,90.0,0.0,0.0,1.0,0.0,0.0,0.0,0.0,0.0,0.0,0.0,1.0,12.0,23.8,6.3,12.0,4.2,5851.0,356412.0,6.0,343,4
2.0,90.0,0.0,0.0,0.0,1.0,0.0,0.0,0.0,0.0,0.0,0.0,0.0,27.0,22.4,19.7,2.0,4.4,0.0,21964.0,4.5,233,1
3.0,73.0,0.0,0.0,1.0,0.0,0.0,0.0,0.0,0.0,0.0,0.0,0.0,0.0,0.0,0.0,0.0,0.0,0.0,12449.0,5.5,28,13
2.0,90.0,0.0,0.0,0.0,1.0,0.0,0.0,0.0,0.0,0.0,0.0,0.0,15.0,20.0,0.0,0.0,2.0,0.0,296409.0,5.5,321,11
14.0,72.0,1.0,1.0,1.0,0.0,0.0,0.0,0.0,0.0,0.0,0.0,3.0,0.0,0.0,0.0,0.0,0.0,0.0,139604.0,8.0,201,15
5.0,84.0,0.0,1.0,0.0,1.0,0.0,0.0,0.0,0.0,0.0,0.0,0.0,5.0,1.8,2.6,12.0,1.6,0.0,94805.0,6.5,289,12
2.0,90.0,0.0,0.0,0.0,1.0,0.0,0.0,0.0,0.0,0.0,0.0,0.0,25.0,21.6,0.2,0.0,2.2,0.0,138741.0,5.5,220,5
1.0,45.0,0.0,0.0,0.0,1.0,0.0,0.0,0.0,0.0,0.0,0.0,0.0,3.0,0.4,4.2,6.0,1.1,2206.0,2631.0,5.5,211,16
1.0,11.0,0.0,0.0,0.0,0.0,0.0,0.0,0.0,0.0,0.0,0.0,0.0,0.0,0.0,0.0,0.0,0.0,0.0,849631.0,4.5,55,19
2.0,90.0,0.0,0.0,0.0,1.0,0.0,0.0,0.0,0.0,0.0,0.0,0.0,15.0,10.6,3.8,18.0,3.2,0.0,0.0,4.5,124,9
2.0,90.0,0.0,0.0,0.0,1.0,0.0,0.0,0.0,0.0,0.0,0.0,0.0,3.0,12.6,0.3,17.0,3.0,0.0,14565.0,5.0,125,18
2.0,73.0,0.0,0.0,0.0,3.0,0.0,0.0,0.0,0.0,0.0,0.0,0.0,19.0,17.2,2.8,4.0,2.4,0.0,234920.0,5.0,150,8
3.0,78.0,0.0,0.0,1.0,0.0,0.0,0.0,0.0,0.0,0.0,0.0,0.0,28.0,40.8,27.6,11.0,7.9,0.0,24123.0,6.0,287,18
1.0,14.0,0.0,0.0,0.0,0.0,0.0,0.0,0.0,0.0,0.0,0.0,0.0,15.0,10.0,32.3,2.0,4.4,0.0,781245.0,5.5,81,10
2.0,90.0,0.0,0.0,0.0,1.0,0.0,0.0,0.0,0.0,0.0,0.0,0.0,13.0,19.8,0.5,8.0,2.8,6169.0,7762.0,5.5,260,10
2.0,90.0,0.0,0.0,0.0,1.0,0.0,0.0,0.0,0.0,0.0,0.0,0.0,13.0,18.6,4.2,0.0,2.3,0.0,269424.0,4.5,235,14
3.0,90.0,0.0,0.0,0.0,3.0,0.0,0.0,0.0,0.0,0.0,7.0,0.0,16.0,31.2,0.0,0.0,3.1,0.0,43295.0,4.5,240,0
0.0,59.0,0.0,0.0,0.0,2.0,0.0,0.0,0.0,0.0,0.0,0.0,0.0,0.0,0.0,0.0,0.0,0.0,714.0,1033.0,5.0,249,15
2.0,90.0,0.0,0.0,0.0,1.0,0.0,0.0,0.0,0.0,0.0,0.0,0.0,26.0,28.4,33.7,2.0,6.4,0.0,16534.0,6.0,202,15
2.0,90.0,0.0,0.0,0.0,1.0,0.0,0.0,0.0,0.0,0.0,0.0,0.0,3.0,4.8,12.8,9.0,2.7,0.0,37744.0,5.5,142,3
1.0,90.0,0.0,0.0,0.0,3.0,0.0,0.0,0.0,1.0,0.0,0.0,0.0,10.0,7.0,40.6,49.0,9.7,491.0,688315.0,7.0,350,12
2.0,90.0,0.0,0.0,1.0,0.0,0.0,0.0,0.0,1.0,0.0,0.0,0.0,4.0,5.6,10.3,0.0,1.6,0.0,158296.0,5.5,155,17
5.0,90.0,0.0,1.0,0.0,3.0,0.0,0.0,0.0,0.0,0.0,0.0,0.0,10.0,10.2,36.0,14.0,6.0,0.0,33140.0,6.0,66,4
2.0,90.0,0.0,0.0,0.0,1.0,0.0,0.0,0.0,0.0,0.0,0.0,0.0,34.0,63.4,0.2,38.0,10.2,0.0,177607.0,5.0,345,4
6.0,90.0,0.0,0.0,1.0,0.0,0.0,0.0,0.0,0.0,0.0,0.0,0.0,11.0,18.6,2.8,4.0,2.5,834.0,128704.0,5.0,173,2
1.0,90.0,0.0,0.0,0.0,1.0,0.0,0.0,0.0,1.0,0.0,0.0,0.0,0.0,0.0,0.0,0.0,0.0,-392.0,64092.0,5.5,346,18
1.0,1.0,0.0,0.0,0.0,0.0,0.0,0.0,0.0,0.0,0.0,0.0,0.0,3.0,0.0,0.0,0.0,0.0,165.0,259.0,5.0,84,15
1.0,90.0,0.0,0.0,0.0,2.0,0.0,0.0,0.0,0.0,0.0,0.0,0.0,0.0,0.0,0.0,0.0,0.0,59156.0,865810.0,5.5,252,12
1.0,30.0,0.0,0.0,0.0,0.0,0.0,0.0,0.0,0.0,0.0,0.0,0.0,2.0,0.4,3.3,2.0,0.6,0.0,83611.0,7.5,114,6
2.0,90.0,0.0,0.0,0.0,1.0,0.0,0.0,0.0,0.0,0.0,0.0,0.0,11.0,6.8,17.2,21.0,4.5,0.0,42909.0,5.5,132,10
6.0,90.0,0.0,0.0,1.0,0.0,0.0,0.0,0.0,0.0,0.0,0.0,0.0,0.0,0.0,0.0,0.0,0.0,8063.0,10638.0,5.5,302,8
1.0,1.0,0.0,0.0,0.0,0.0,0.0,0.0,0.0,0.0,0.0,0.0,0.0,6.0,3.0,0.4,0.0,0.3,0.0,3045.0,5.0,35,11
2.0,90.0,0.0,0.0,0.0,1.0,0.0,0.0,0.0,0.0,0.0,0.0,0.0,0.0,0.0,0.0,0.0,0.0,0.0,1810.0,5.0,56,14
8.0,90.0,0.0,0.0,1.0,0.0,0.0,0.0,0.0,0.0,0.0,4.0,1.0,9.0,3.8,0.0,0.0,0.4,0.0,721549.0,6.0,271,5
1.0,90.0,0.0,0.0,0.0,2.0,0.0,0.0,0.0,0.0,0.0,0.0,0.0,4.0,8.8,0.8,6.0,1.6,0.0,1006715.0,5.0,3,16
0.0,90.0,0.0,0.0,0.0,4.0,0.0,0.0,0.0,0.0,0.0,0.0,0.0,12.0,11.4,2.6,7.0,2.1,0.0,0.0,4.5,84,12
2.0,90.0,0.0,0.0,0.0,1.0,0.0,0.0,0.0,0.0,0.0,0.0,0.0,3.0,12.0,15.3,41.0,6.8,0.0,45716.0,6.0,145,10
1.0,7.0,0.0,0.0,0.0,0.0,0.0,0.0,0.0,0.0,0.0,0.0,0.0,0.0,0.0,0.0,0.0,0.0,0.0,12449.0,5.5,28,19
1.0,90.0,0.0,0.0,0.0,3.0,0.0,0.0,0.0,0.0,0.0,0.0,0.0,11.0,8.8,1.3,0.0,1.0,0.0,196908.0,4.5,304,9
0.0,54.0,0.0,0.0,0.0,2.0,0.0,0.0,0.0,1.0,0.0,0.0,0.0,13.0,18.6,4.2,0.0,2.3,0.0,269424.0,4.5,235,1
3.0,90.0,0.0,0.0,0.0,1.0,0.0,0.0,0.0,0.0,0.0,5.0,0.0,32.0,38.6,0.0,0.0,3.9,0.0,270083.0,5.0,225,12
6.0,90.0,0.0,0.0,1.0,0.0,0.0,0.0,0.0,0.0,0.0,0.0,0.0,0.0,0.0,0.0,0.0,0.0,0.0,15272.0,4.5,306,17
13.0,90.0,1.0,1.0,0.0,1.0,0.0,0.0,0.0,0.0,0.0,0.0,3.0,0.0,0.0,0.0,0.0,0.0,0.0,491508.0,5.5,214,9
6.0,90.0,0.0,0.0,1.0,0.0,0.0,0.0,0.0,0.0,0.0,0.0,0.0,0.0,0.0,0.0,0.0,0.0,0.0,11269.0,4.5,261,17
2.0,90.0,0.0,0.0,0.0,1.0,0.0,0.0,0.0,0.0,0.0,0.0,0.0,12.0,14.4,44.6,22.0,8.1,0.0,20721.0,5.5,91,15
1.0,6.0,0.0,0.0,0.0,0.0,0.0,0.0,0.0,0.0,0.0,0.0,0.0,15.0,20.2,35.5,36.0,9.2,0.0,155868.0,5.0,229,16
1.0,3.0,0.0,0.0,0.0,0.0,0.0,0.0,0.0,0.0,0.0,0.0,0.0,3.0,4.4,12.9,6.0,2.3,50916.0,1061409.0,4.5,84,9
10.0,90.0,0.0,0.0,1.0,0.0,0.0,0.0,0.0,0.0,0.0,3.0,3.0,15.0,20.0,0.0,0.0,2.0,0.0,296409.0,5.5,321,9
2.0,90.0,0.0,0.0,0.0,3.0,0.0,0.0,0.0,0.0,0.0,0.0,0.0,9.0,13.6,28.6,9.0,5.1,0.0,518922.0,7.0,283,2
1.0,90.0,0.0,0.0,0.0,3.0,0.0,0.0,0.0,0.0,0.0,0.0,0.0,28.0,24.0,12.1,7.0,4.3,0.0,41401.0,5.0,134,4
3.0,66.0,0.0,0.0,1.0,0.0,0.0,0.0,0.0,0.0,0.0,0.0,0.0,0.0,0.0,0.0,0.0,0.0,0.0,2064.0,5.0,168,3
2.0,90.0,0.0,0.0,0.0,3.0,0.0,0.0,0.0,0.0,0.0,0.0,0.0,10.0,10.2,36.0,14.0,6.0,0.0,33140.0,6.0,66,7
1.0,6.0,0.0,0.0,0.0,1.0,0.0,0.0,0.0,0.0,0.0,0.0,0.0,0.0,0.0,0.0,0.0,0.0,0.0,10931.0,6.0,78,14
1.0,45.0,0.0,0.0,0.0,0.0,0.0,0.0,0.0,0.0,0.0,0.0,0.0,5.0,7.2,0.0,0.0,0.7,0.0,4908.0,5.0,18,19
2.0,90.0,0.0,0.0,0.0,1.0,0.0,0.0,0.0,0.0,0.0,0.0,0.0,28.0,20.6,1.2,0.0,2.2,0.0,71148.0,4.5,147,10
1.0,90.0,0.0,0.0,0.0,1.0,0.0,0.0,0.0,1.0,0.0,0.0,0.0,6.0,12.8,1.8,17.0,3.2,0.0,1189095.0,6.5,76,7
3.0,64.0,0.0,0.0,1.0,0.0,0.0,0.0,0.0,0.0,0.0,0.0,0.0,23.0,25.8,18.3,0.0,4.4,0.0,17314.0,5.5,256,12
0.0,90.0,0.0,0.0,0.0,3.0,0.0,0.0,0.0,1.0,0.0,0.0,0.0,22.0,13.2,0.7,0.0,1.4,0.0,105207.0,4.5,300,0
1.0,12.0,0.0,0.0,0.0,0.0,0.0,0.0,0.0,0.0,0.0,0.0,0.0,7.0,1.0,2.7,18.0,2.2,0.0,9467.0,5.0,41,0
3.0,66.0,0.0,0.0,1.0,0.0,0.0,0.0,0.0,0.0,0.0,0.0,0.0,0.0,0.0,0.0,0.0,0.0,-1061.0,5338.0,5.5,84,16
2.0,90.0,0.0,0.0,0.0,1.0,0.0,0.0,0.0,0.0,0.0,0.0,0.0,27.0,26.0,0.1,2.0,2.8,0.0,88657.0,5.0,139,14
1.0,5.0,0.0,0.0,0.0,0.0,0.0,0.0,0.0,0.0,0.0,0.0,0.0,3.0,1.2,0.1,0.0,0.1,0.0,5393.0,5.5,224,10
12.0,90.0,0.0,1.0,1.0,0.0,0.0,0.0,0.0,0.0,0.0,0.0,3.0,11.0,8.8,1.3,0.0,1.0,0.0,196908.0,4.5,304,19
1.0,8.0,0.0,0.0,0.0,0.0,0.0,0.0,0.0,0.0,0.0,0.0,0.0,6.0,6.8,27.2,2.0,3.6,0.0,78657.0,6.5,98,3
1.0,53.0,0.0,0.0,0.0,0.0,0.0,0.0,0.0,0.0,0.0,0.0,0.0,0.0,0.0,0.0,0.0,0.0,0.0,339175.0,4.5,46,13
3.0,90.0,0.0,0.0,0.0,1.0,0.0,0.0,0.0,0.0,0.0,0.0,1.0,0.0,0.0,0.0,0.0,0.0,-392.0,64092.0,5.5,346,3
6.0,45.0,1.0,0.0,0.0,0.0,0.0,0.0,0.0,0.0,0.0,0.0,0.0,8.0,18.0,18.3,66.0,10.2,0.0,251556.0,7.0,317,17
2.0,90.0,0.0,0.0,1.0,0.0,0.0,0.0,0.0,1.0,0.0,0.0,0.0,13.0,8.4,3.8,5.0,1.7,0.0,269810.0,4.5,118,15
1.0,45.0,0.0,0.0,0.0,2.0,0.0,0.0,0.0,0.0,0.0,0.0,0.0,2.0,3.6,11.2,13.0,2.8,-3221.0,51558.0,6.0,36,9
4.0,10.0,0.0,1.0,0.0,0.0,0.0,0.0,0.0,0.0,0.0,0.0,0.0,0.0,0.0,0.0,0.0,0.0,0.0,2064.0,5.0,168,18
1.0,10.0,0.0,0.0,0.0,0.0,0.0,0.0,0.0,0.0,0.0,0.0,0.0,0.0,0.0,0.0,0.0,0.0,-1073.0,32682.0,4.5,319,3
2.0,90.0,0.0,0.0,0.0,1.0,0.0,0.0,0.0,0.0,0.0,0.0,0.0,44.0,76.8,30.3,11.0,11.8,0.0,304155.0,5.0,312,19
2.0,90.0,0.0,0.0,0.0,1.0,0.0,0.0,0.0,0.0,0.0,0.0,0.0,12.0,14.4,44.6,22.0,8.1,0.0,20721.0,5.5,91,17
3.0,90.0,0.0,0.0,1.0,0.0,0.0,0.0,0.0,0.0,0.0,0.0,0.0,33.0,54.8,4.8,23.0,8.3,0.0,34553.0,5.5,298,6
2.0,90.0,0.0,0.0,0.0,1.0,0.0,0.0,0.0,0.0,0.0,2.0,0.0,17.0,22.6,0.0,0.0,2.3,0.0,1400435.0,4.5,336,16
9.0,69.0,1.0,0.0,0.0,1.0,0.0,0.0,0.0,0.0,0.0,0.0,2.0,23.0,25.8,18.3,0.0,4.4,0.0,17314.0,5.5,256,8
2.0,90.0,0.0,0.0,0.0,1.0,0.0,0.0,0.0,0.0,0.0,1.0,0.0,9.0,3.8,0.0,0.0,0.4,0.0,721549.0,6.0,271,1
4.0,90.0,0.0,1.0,0.0,3.0,0.0,0.0,0.0,0.0,0.0,0.0,0.0,22.0,33.8,27.3,20.0,8.1,0.0,114860.0,4.5,244,4
1.0,90.0,0.0,0.0,0.0,2.0,0.0,0.0,0.0,0.0,0.0,0.0,0.0,13.0,17.4,0.7,0.0,1.8,0.0,95090.0,5.0,198,7
1.0,90.0,0.0,0.0,0.0,4.0,0.0,0.0,0.0,1.0,0.0,0.0,0.0,0.0,0.0,0.0,0.0,0.0,211.0,329.0,5.5,196,8
1.0,90.0,0.0,0.0,0.0,3.0,0.0,0.0,0.0,0.0,0.0,0.0,0.0,27.0,22.4,19.7,2.0,4.4,0.0,21964.0,4.5,233,13
11.0,90.0,1.0,1.0,0.0,1.0,0.0,0.0,1.0,0.0,0.0,0.0,3.0,13.0,25.6,78.4,25.0,12.9,451998.0,1623046.0,10.5,359,11
2.0,90.0,0.0,0.0,0.0,3.0,0.0,0.0,0.0,0.0,0.0,0.0,0.0,13.0,25.6,78.4,25.0,12.9,451998.0,1623046.0,10.5,359,16
2.0,61.0,0.0,0.0,0.0,2.0,0.0,0.0,0.0,0.0,0.0,0.0,0.0,4.0,5.6,10.3,0.0,1.6,0.0,158296.0,5.5,155,3
0.0,90.0,0.0,0.0,0.0,3.0,0.0,0.0,0.0,1.0,0.0,0.0,0.0,14.0,30.0,1.1,6.0,3.7,0.0,25125.0,5.0,307,1
6.0,67.0,0.0,1.0,1.0,0.0,0.0,0.0,0.0,0.0,0.0,0.0,0.0,18.0,19.8,15.8,4.0,4.0,0.0,13748.0,5.5,247,19
7.0,90.0,1.0,0.0,0.0,3.0,0.0,0.0,0.0,0.0,0.0,0.0,0.0,8.0,8.4,14.8,0.0,2.3,0.0,755977.0,8.5,128,7
1.0,45.0,0.0,0.0,0.0,2.0,0.0,0.0,0.0,0.0,0.0,0.0,0.0,0.0,0.0,0.0,0.0,0.0,0.0,10789.0,6.0,167,7
2.0,90.0,0.0,0.0,0.0,2.0,0.0,0.0,0.0,0.0,0.0,0.0,0.0,3.0,4.8,12.8,9.0,2.7,0.0,37744.0,5.5,142,17
2.0,90.0,0.0,0.0,0.0,1.0,0.0,0.0,0.0,0.0,0.0,0.0,0.0,12.0,12.8,2.0,0.0,1.5,0.0,5941.0,5.0,69,15
2.0,90.0,0.0,0.0,0.0,4.0,0.0,0.0,0.0,0.0,0.0,6.0,0.0,12.0,18.2,0.0,0.0,1.8,0.0,462939.0,5.0,121,9
6.0,90.0,0.0,0.0,1.0,0.0,0.0,0.0,0.0,0.0,0.0,0.0,0.0,14.0,23.4,0.2,18.0,4.2,0.0,33230.0,4.5,263,6
9.0,90.0,1.0,0.0,1.0,0.0,0.0,0.0,0.0,0.0,0.0,0.0,3.0,1.0,8.6,11.2,60.0,8.0,0.0,1467030.0,8.5,322,15
-2.0,44.0,0.0,0.0,0.0,0.0,0.0,0.0,0.0,0.0,1.0,0.0,0.0,35.0,31.8,12.7,6.0,5.1,-3793.0,94974.0,5.0,310,16
6.0,90.0,0.0,0.0,1.0,0.0,0.0,0.0,0.0,0.0,0.0,0.0,0.0,15.0,14.6,0.0,8.0,2.3,140.0,304.0,4.5,251,18
3.0,66.0,0.0,0.0,1.0,0.0,0.0,0.0,0.0,0.0,0.0,0.0,0.0,26.0,28.4,33.7,2.0,6.4,0.0,16534.0,6.0,202,11
0.0,90.0,0.0,0.0,0.0,2.0,0.0,0.0,0.0,1.0,0.0,0.0,0.0,0.0,0.0,0.0,0.0,0.0,0.0,51065.0,4.5,53,1
5.0,67.0,0.0,0.0,1.0,0.0,0.0,0.0,0.0,1.0,0.0,0.0,0.0,0.0,0.0,0.0,0.0,0.0,0.0,270752.0,4.0,84,14
3.0,90.0,0.0,0.0,1.0,0.0,0.0,0.0,0.0,0.0,0.0,0.0,0.0,0.0,0.0,0.0,0.0,0.0,0.0,23082.0,5.5,285,15
2.0,63.0,0.0,0.0,0.0,1.0,0.0,0.0,0.0,0.0,0.0,0.0,0.0,4.0,0.0,1.6,0.0,0.2,0.0,3307.0,5.0,63,7
1.0,90.0,0.0,0.0,0.0,2.0,0.0,0.0,0.0,0.0,0.0,0.0,0.0,0.0,0.0,0.0,0.0,0.0,0.0,4560.0,4.5,270,17
1.0,90.0,0.0,0.0,0.0,2.0,0.0,0.0,0.0,0.0,0.0,0.0,0.0,12.0,23.8,6.3,12.0,4.2,5851.0,356412.0,6.0,343,1
1.0,1.0,0.0,0.0,0.0,0.0,0.0,0.0,0.0,0.0,0.0,0.0,0.0,21.0,15.2,1.5,0.0,1.7,0.0,15739.0,5.0,70,12
1.0,45.0,0.0,0.0,0.0,4.0,0.0,0.0,0.0,0.0,0.0,0.0,0.0,0.0,0.0,0.0,0.0,0.0,-198.0,18715.0,5.0,74,1
1.0,45.0,0.0,0.0,0.0,2.0,0.0,0.0,0.0,0.0,0.0,0.0,0.0,-2.0,0.0,3.7,26.0,2.8,60421.0,558286.0,7.5,92,7
2.0,90.0,0.0,0.0,0.0,1.0,0.0,0.0,0.0,0.0,0.0,0.0,0.0,24.0,37.2,1.1,44.0,8.2,-10246.0,139905.0,6.5,259,12
2.0,66.0,0.0,0.0,0.0,1.0,0.0,0.0,0.0,0.0,0.0,0.0,0.0,7.0,15.6,6.8,16.0,3.8,15876.0,141119.0,8.0,218,16
1.0,1.0,0.0,0.0,0.0,0.0,0.0,0.0,0.0,0.0,0.0,0.0,0.0,4.0,3.4,0.3,0.0,0.4,0.0,5118.0,5.5,130,17
1.0,90.0,0.0,0.0,0.0,3.0,0.0,0.0,0.0,0.0,0.0,0.0,0.0,37.0,51.8,0.3,33.0,8.5,0.0,85593.0,5.0,286,0
1.0,90.0,0.0,0.0,0.0,2.0,0.0,0.0,0.0,0.0,0.0,1.0,0.0,38.0,32.2,0.0,0.0,3.2,38079.0,349600.0,4.5,348,13
1.0,90.0,0.0,0.0,0.0,2.0,0.0,0.0,0.0,0.0,0.0,0.0,0.0,15.0,35.6,4.3,0.0,4.0,0.0,237865.0,4.5,185,10
2.0,81.0,0.0,0.0,0.0,1.0,0.0,0.0,0.0,0.0,0.0,0.0,0.0,23.0,43.6,6.5,19.0,6.9,0.0,30491.0,5.5,309,14
2.0,82.0,0.0,0.0,0.0,1.0,0.0,0.0,0.0,0.0,0.0,0.0,0.0,35.0,38.6,38.0,38.0,11.5,0.0,473242.0,8.0,262,15
2.0,90.0,0.0,0.0,0.0,2.0,0.0,0.0,0.0,0.0,0.0,3.0,0.0,12.0,16.6,0.0,0.0,1.7,8554.0,296170.0,5.5,210,13
1.0,48.0,0.0,0.0,0.0,1.0,0.0,0.0,0.0,0.0,0.0,0.0,0.0,0.0,0.0,0.0,0.0,0.0,0.0,55175.0,7.0,42,5
12.0,72.0,1.0,1.0,0.0,1.0,0.0,0.0,0.0,0.0,0.0,0.0,2.0,7.0,3.8,2.8,5.0,1.2,0.0,1361562.0,5.5,151,15
1.0,90.0,0.0,0.0,0.0,2.0,0.0,0.0,0.0,0.0,0.0,0.0,0.0,14.0,17.8,3.7,2.0,2.4,0.0,205442.0,6.0,84,3
7.0,90.0,1.0,0.0,0.0,3.0,0.0,0.0,0.0,0.0,0.0,0.0,0.0,11.0,13.8,0.3,0.0,1.4,0.0,9197.0,4.5,57,9
6.0,90.0,0.0,0.0,1.0,0.0,0.0,0.0,0.0,0.0,0.0,0.0,0.0,16.0,14.2,18.2,0.0,3.2,0.0,0.0,4.5,219,13
2.0,60.0,0.0,0.0,0.0,1.0,0.0,0.0,0.0,0.0,0.0,0.0,0.0,2.0,0.0,0.3,0.0,0.0,-2600.0,79393.0,7.0,135,3
1.0,16.0,0.0,0.0,0.0,0.0,0.0,0.0,0.0,0.0,0.0,0.0,0.0,0.0,0.0,0.0,0.0,0.0,0.0,650190.0,8.5,212,1
0.0,90.0,0.0,0.0,0.0,4.0,0.0,0.0,0.0,0.0,0.0,0.0,0.0,18.0,0.8,11.0,2.0,1.4,-2667.0,59892.0,4.5,217,7
-2.0,39.0,0.0,0.0,0.0,1.0,0.0,0.0,0.0,0.0,1.0,0.0,0.0,15.0,10.0,32.3,2.0,4.4,0.0,781245.0,5.5,81,13
2.0,90.0,0.0,0.0,0.0,1.0,0.0,0.0,0.0,0.0,0.0,2.0,0.0,26.0,27.0,0.0,0.0,2.7,0.0,13715.0,5.0,213,15
2.0,90.0,0.0,0.0,0.0,1.0,0.0,0.0,0.0,0.0,0.0,0.0,0.0,29.0,22.0,0.0,0.0,2.2,0.0,556410.0,5.0,191,5
8.0,90.0,0.0,0.0,1.0,0.0,0.0,0.0,0.0,0.0,0.0,0.0,2.0,14.0,20.2,0.3,0.0,2.1,-502.0,28676.0,5.0,334,4
1.0,90.0,0.0,0.0,0.0,2.0,0.0,0.0,0.0,1.0,0.0,0.0,0.0,12.0,12.8,2.0,0.0,1.5,0.0,5941.0,5.0,69,9
2.0,90.0,0.0,0.0,1.0,0.0,0.0,0.0,0.0,1.0,0.0,0.0,0.0,15.0,27.2,1.2,0.0,2.8,0.0,126755.0,5.0,116,1
1.0,1.0,0.0,0.0,0.0,0.0,0.0,0.0,0.0,0.0,0.0,0.0,0.0,0.0,0.0,0.0,0.0,0.0,-2676.0,36986.0,4.5,84,14
2.0,90.0,0.0,0.0,0.0,1.0,0.0,0.0,0.0,0.0,0.0,0.0,0.0,16.0,16.4,0.8,0.0,1.7,0.0,10082.0,4.5,40,19
3.0,70.0,0.0,0.0,1.0,0.0,0.0,0.0,0.0,0.0,0.0,0.0,0.0,23.0,25.8,18.3,0.0,4.4,0.0,17314.0,5.5,256,17
2.0,90.0,0.0,0.0,0.0,1.0,0.0,0.0,0.0,0.0,0.0,0.0,0.0,0.0,0.0,0.0,0.0,0.0,0.0,2316.0,5.0,52,12
2.0,62.0,0.0,0.0,0.0,1.0,0.0,0.0,0.0,0.0,0.0,0.0,0.0,25.0,27.8,16.8,33.0,7.8,0.0,4535.0,5.5,183,12
2.0,90.0,0.0,0.0,0.0,1.0,0.0,0.0,0.0,0.0,0.0,0.0,0.0,0.0,0.0,0.0,0.0,0.0,-392.0,64092.0,5.5,346,9
2.0,83.0,0.0,0.0,0.0,1.0,0.0,0.0,0.0,0.0,0.0,0.0,0.0,0.0,0.0,0.0,0.0,0.0,7630.0,8659.0,6.0,129,12
5.0,76.0,0.0,1.0,1.0,0.0,0.0,0.0,0.0,0.0,0.0,0.0,0.0,3.0,4.4,13.1,21.0,3.9,0.0,279992.0,6.0,318,15
2.0,90.0,0.0,0.0,0.0,3.0,0.0,0.0,0.0,0.0,0.0,0.0,0.0,16.0,15.4,18.2,20.0,5.4,0.0,2728.0,5.0,265,9
1.0,15.0,0.0,0.0,0.0,0.0,0.0,0.0,0.0,0.0,0.0,0.0,0.0,0.0,0.0,0.0,0.0,0.0,0.0,8154.0,5.5,96,19
-1.0,90.0,0.0,0.0,0.0,4.0,0.0,0.0,0.0,1.0,0.0,0.0,0.0,29.0,22.0,0.0,0.0,2.2,0.0,556410.0,5.0,191,10
11.0,90.0,0.0,1.0,1.0,0.0,0.0,0.0,0.0,0.0,0.0,0.0,2.0,18.0,0.8,11.0,2.0,1.4,-2667.0,59892.0,4.5,217,8
1.0,90.0,0.0,0.0,0.0,3.0,0.0,0.0,0.0,0.0,0.0,0.0,0.0,0.0,0.0,0.0,0.0,0.0,0.0,72270.0,5.5,349,8
13.0,90.0,1.0,1.0,1.0,0.0,0.0,0.0,0.0,0.0,0.0,0.0,2.0,10.0,14.0,46.8,35.0,9.6,0.0,1724987.0,9.0,362,12
2.0,90.0,0.0,0.0,0.0,1.0,0.0,0.0,0.0,0.0,0.0,0.0,0.0,17.0,26.2,13.8,67.0,10.7,0.0,583310.0,8.0,344,10
12.0,90.0,1.0,1.0,0.0,2.0,0.0,0.0,0.0,1.0,0.0,0.0,3.0,13.0,25.6,78.4,25.0,12.9,451998.0,1623046.0,10.5,359,13
3.0,90.0,0.0,0.0,1.0,0.0,0.0,0.0,0.0,0.0,0.0,0.0,0.0,3.0,2.4,10.2,0.0,1.3,307.0,454.0,4.5,24,17
3.0,90.0,0.0,0.0,0.0,1.0,0.0,0.0,0.0,0.0,0.0,4.0,0.0,38.0,32.2,0.0,0.0,3.2,38079.0,349600.0,4.5,348,9
2.0,90.0,0.0,0.0,0.0,2.0,0.0,0.0,0.0,0.0,0.0,3.0,0.0,31.0,41.4,0.0,0.0,4.1,0.0,87269.0,5.0,215,6
1.0,90.0,0.0,0.0,0.0,2.0,0.0,0.0,0.0,0.0,0.0,0.0,0.0,27.0,23.2,0.4,1.0,2.5,0.0,54492.0,5.5,269,17
2.0,67.0,0.0,0.0,0.0,2.0,0.0,0.0,0.0,0.0,0.0,0.0,0.0,35.0,38.6,38.0,38.0,11.5,0.0,473242.0,8.0,262,3
2.0,90.0,0.0,0.0,0.0,2.0,0.0,0.0,0.0,0.0,0.0,0.0,0.0,8.0,18.0,18.3,66.0,10.2,0.0,251556.0,7.0,317,2
2.0,90.0,0.0,0.0,0.0,1.0,0.0,0.0,0.0,0.0,0.0,0.0,0.0,14.0,14.8,11.8,1.0,2.8,0.0,187445.0,4.5,112,0
1.0,57.0,0.0,0.0,0.0,2.0,0.0,0.0,0.0,0.0,0.0,0.0,0.0,3.0,2.4,0.3,0.0,0.3,0.0,99837.0,7.0,273,7
0.0,90.0,0.0,0.0,0.0,4.0,0.0,0.0,0.0,0.0,0.0,0.0,0.0,14.0,23.4,0.2,18.0,4.2,0.0,33230.0,4.5,263,5
3.0,78.0,0.0,0.0,1.0,0.0,0.0,0.0,0.0,0.0,0.0,0.0,0.0,3.0,0.8,0.4,0.0,0.1,124.0,191.0,5.0,50,15
1.0,45.0,0.0,0.0,0.0,0.0,0.0,0.0,0.0,0.0,0.0,0.0,0.0,3.0,8.4,11.9,21.0,4.1,0.0,237638.0,8.0,84,6
11.0,90.0,0.0,0.0,1.0,0.0,0.0,0.0,0.0,0.0,0.0,6.0,3.0,13.0,22.6,0.0,0.0,2.3,-36200.0,1047580.0,5.5,328,8
6.0,90.0,0.0,0.0,1.0,0.0,0.0,0.0,0.0,0.0,0.0,0.0,0.0,38.0,45.8,3.0,35.0,8.4,0.0,67356.0,5.5,316,8
7.0,90.0,0.0,0.0,1.0,0.0,0.0,0.0,0.0,0.0,0.0,0.0,1.0,12.0,7.4,0.4,0.0,0.8,4175.0,474483.0,5.5,186,11
3.0,90.0,0.0,0.0,0.0,1.0,0.0,0.0,0.0,0.0,0.0,5.0,0.0,13.0,22.6,0.0,0.0,2.3,-36200.0,1047580.0,5.5,328,6
1.0,90.0,0.0,0.0,0.0,2.0,0.0,0.0,0.0,0.0,0.0,0.0,0.0,29.0,25.8,0.1,0.0,2.6,0.0,101537.0,5.0,281,17
1.0,13.0,0.0,0.0,0.0,0.0,0.0,0.0,0.0,0.0,0.0,0.0,0.0,2.0,0.0,1.3,0.0,0.0,0.0,10507.0,6.0,178,11
1.0,1.0,0.0,0.0,0.0,0.0,0.0,0.0,0.0,0.0,0.0,0.0,0.0,3.0,4.6,0.5,20.0,2.5,0.0,2162.0,5.0,7,1
6.0,90.0,0.0,0.0,1.0,0.0,0.0,0.0,0.0,0.0,0.0,2.0,0.0,38.0,32.2,0.0,0.0,3.2,38079.0,349600.0,4.5,348,8
8.0,90.0,1.0,0.0,0.0,1.0,0.0,0.0,0.0,0.0,0.0,0.0,2.0,32.0,32.0,23.3,50.0,10.5,0.0,538610.0,6.5,351,1
8.0,90.0,1.0,0.0,0.0,2.0,0.0,0.0,0.0,0.0,0.0,0.0,1.0,0.0,0.0,0.0,0.0,0.0,0.0,44238.0,4.5,165,11
1.0,17.0,0.0,0.0,0.0,0.0,0.0,0.0,0.0,0.0,0.0,0.0,0.0,3.0,0.8,0.4,0.0,0.1,124.0,191.0,5.0,50,12
1.0,90.0,0.0,0.0,0.0,2.0,0.0,0.0,0.0,0.0,0.0,0.0,0.0,0.0,0.0,0.0,0.0,0.0,0.0,51620.0,4.5,127,11
2.0,90.0,0.0,0.0,0.0,1.0,0.0,0.0,0.0,0.0,0.0,0.0,0.0,10.0,5.8,7.2,38.0,5.1,0.0,248434.0,9.5,326,7
2.0,90.0,0.0,0.0,0.0,1.0,0.0,0.0,0.0,0.0,0.0,0.0,0.0,4.0,2.6,0.3,0.0,0.3,0.0,10256.0,6.0,228,8
2.0,90.0,0.0,0.0,0.0,1.0,0.0,0.0,0.0,0.0,0.0,0.0,0.0,5.0,4.6,15.2,2.0,2.2,463.0,911.0,4.5,84,4
2.0,90.0,0.0,0.0,0.0,1.0,0.0,0.0,0.0,0.0,0.0,0.0,0.0,14.0,11.2,10.4,6.0,2.8,0.0,12911.0,5.5,200,15
2.0,90.0,0.0,0.0,0.0,2.0,0.0,0.0,0.0,0.0,0.0,3.0,0.0,21.0,12.2,0.0,0.0,1.2,0.0,828679.0,5.5,290,15
2.0,76.0,0.0,0.0,0.0,1.0,0.0,0.0,0.0,0.0,0.0,0.0,0.0,33.0,54.8,4.8,23.0,8.3,0.0,34553.0,5.5,298,2
1.0,30.0,0.0,0.0,0.0,0.0,0.0,0.0,0.0,0.0,0.0,0.0,0.0,0.0,0.0,0.0,0.0,0.0,0.0,86735.0,4.0,84,1
6.0,90.0,0.0,0.0,1.0,0.0,0.0,0.0,0.0,0.0,0.0,0.0,0.0,0.0,0.0,0.0,0.0,0.0,0.0,3326.0,4.5,86,16
3.0,90.0,0.0,0.0,1.0,0.0,0.0,0.0,0.0,0.0,0.0,0.0,0.0,0.0,0.0,0.0,0.0,0.0,2066.0,38249.0,5.5,333,15
1.0,16.0,0.0,0.0,0.0,0.0,0.0,0.0,0.0,0.0,0.0,0.0,0.0,0.0,0.0,0.0,0.0,0.0,0.0,2064.0,5.0,168,1
1.0,57.0,0.0,0.0,0.0,1.0,0.0,0.0,0.0,0.0,0.0,0.0,0.0,28.0,24.0,12.1,7.0,4.3,0.0,41401.0,5.0,134,13
12.0,84.0,1.0,1.0,0.0,1.0,0.0,0.0,0.0,0.0,0.0,0.0,2.0,43.0,60.8,23.2,17.0,10.1,0.0,104796.0,5.0,234,13
2.0,90.0,0.0,0.0,0.0,1.0,0.0,0.0,0.0,0.0,0.0,0.0,0.0,35.0,38.6,38.0,38.0,11.5,0.0,473242.0,8.0,262,19
1.0,90.0,0.0,0.0,0.0,1.0,0.0,0.0,0.0,1.0,0.0,0.0,0.0,8.0,15.4,5.0,0.0,2.0,0.0,66864.0,5.0,148,6
3.0,90.0,0.0,0.0,1.0,0.0,0.0,0.0,0.0,0.0,0.0,0.0,0.0,13.0,18.6,4.2,0.0,2.3,0.0,269424.0,4.5,235,10
5.0,90.0,0.0,1.0,0.0,1.0,0.0,0.0,0.0,0.0,0.0,0.0,0.0,26.0,28.4,33.7,2.0,6.4,0.0,16534.0,6.0,202,5
3.0,90.0,0.0,0.0,1.0,0.0,0.0,0.0,0.0,0.0,0.0,0.0,0.0,0.0,0.0,0.0,0.0,0.0,19355.0,151442.0,8.5,338,8
5.0,78.0,0.0,1.0,1.0,0.0,0.0,0.0,0.0,0.0,0.0,0.0,0.0,0.0,0.0,0.3,0.0,0.0,0.0,462199.0,6.0,243,0
6.0,90.0,1.0,0.0,0.0,3.0,0.0,0.0,0.0,0.0,0.0,0.0,0.0,0.0,0.0,0.0,0.0,0.0,0.0,278989.0,7.5,295,18
3.0,90.0,0.0,0.0,1.0,0.0,0.0,0.0,0.0,0.0,0.0,0.0,0.0,33.0,54.8,4.8,23.0,8.3,0.0,34553.0,5.5,298,8
4.0,88.0,0.0,1.0,0.0,2.0,0.0,0.0,0.0,1.0,0.0,0.0,0.0,33.0,54.8,4.8,23.0,8.3,0.0,34553.0,5.5,298,11
3.0,90.0,0.0,0.0,1.0,0.0,0.0,0.0,0.0,0.0,0.0,0.0,0.0,0.0,0.0,0.0,0.0,0.0,2066.0,38249.0,5.5,333,17
2.0,90.0,0.0,0.0,0.0,2.0,0.0,0.0,0.0,0.0,0.0,0.0,0.0,28.0,47.0,13.8,45.0,10.6,29514.0,153900.0,9.5,299,1
2.0,90.0,0.0,0.0,0.0,1.0,0.0,0.0,0.0,0.0,0.0,0.0,0.0,38.0,45.8,3.0,35.0,8.4,0.0,67356.0,5.5,316,11
6.0,90.0,0.0,0.0,1.0,0.0,0.0,0.0,0.0,0.0,0.0,0.0,0.0,28.0,24.0,12.1,7.0,4.3,0.0,41401.0,5.0,134,1
1.0,90.0,0.0,0.0,0.0,1.0,0.0,0.0,0.0,1.0,0.0,2.0,0.0,23.0,11.2,0.0,0.0,1.1,0.0,375930.0,5.5,250,4
2.0,78.0,0.0,0.0,0.0,1.0,0.0,0.0,0.0,0.0,0.0,0.0,0.0,0.0,0.0,0.0,0.0,0.0,0.0,2038.0,4.5,84,17
1.0,1.0,0.0,0.0,0.0,0.0,0.0,0.0,0.0,0.0,0.0,0.0,0.0,0.0,0.0,0.0,0.0,0.0,7630.0,8659.0,6.0,129,3
2.0,90.0,0.0,0.0,0.0,1.0,0.0,0.0,0.0,0.0,0.0,0.0,0.0,16.0,17.0,58.6,23.0,9.9,0.0,471986.0,7.5,330,12
1.0,4.0,0.0,0.0,0.0,0.0,0.0,0.0,0.0,0.0,0.0,0.0,0.0,0.0,0.0,0.0,0.0,0.0,-1073.0,32682.0,4.5,319,16
1.0,25.0,0.0,0.0,0.0,0.0,0.0,0.0,0.0,0.0,0.0,0.0,0.0,8.0,7.6,2.9,2.0,1.3,0.0,111474.0,6.0,161,1
2.0,61.0,0.0,0.0,0.0,2.0,0.0,0.0,0.0,0.0,0.0,0.0,0.0,8.0,18.0,18.3,66.0,10.2,0.0,251556.0,7.0,317,3
2.0,90.0,0.0,0.0,0.0,1.0,0.0,0.0,0.0,0.0,0.0,0.0,0.0,3.0,4.8,12.8,9.0,2.7,0.0,37744.0,5.5,142,2
7.0,90.0,0.0,0.0,1.0,0.0,0.0,0.0,0.0,0.0,0.0,0.0,1.0,11.0,18.6,2.8,4.0,2.5,834.0,128704.0,5.0,173,18
3.0,90.0,0.0,0.0,1.0,0.0,0.0,0.0,0.0,0.0,0.0,0.0,0.0,4.0,2.4,4.3,0.0,0.7,0.0,33970.0,5.0,108,8
6.0,90.0,0.0,0.0,1.0,0.0,0.0,0.0,0.0,0.0,0.0,0.0,0.0,25.0,12.8,2.5,2.0,1.7,0.0,686005.0,5.5,222,17
1.0,19.0,0.0,0.0,0.0,0.0,0.0,0.0,0.0,0.0,0.0,0.0,0.0,0.0,0.0,0.0,0.0,0.0,0.0,10789.0,6.0,167,18
1.0,90.0,0.0,0.0,0.0,2.0,0.0,0.0,0.0,0.0,0.0,0.0,0.0,11.0,5.0,0.0,0.0,0.5,9469.0,354253.0,6.0,320,1
6.0,90.0,0.0,0.0,1.0,0.0,0.0,0.0,0.0,0.0,0.0,1.0,0.0,12.0,16.6,0.0,0.0,1.7,8554.0,296170.0,5.5,210,9
1.0,90.0,0.0,0.0,0.0,1.0,0.0,0.0,0.0,1.0,0.0,0.0,0.0,16.0,18.0,3.4,0.0,2.1,0.0,75335.0,5.5,83,12
1.0,28.0,0.0,0.0,0.0,1.0,0.0,0.0,0.0,0.0,0.0,0.0,0.0,0.0,0.0,0.0,0.0,0.0,1454.0,2009.0,6.0,107,3
1.0,45.0,0.0,0.0,0.0,1.0,0.0,0.0,0.0,0.0,0.0,0.0,0.0,3.0,4.6,0.5,20.0,2.5,0.0,2162.0,5.0,7,7
2.0,90.0,0.0,0.0,0.0,1.0,0.0,0.0,0.0,0.0,0.0,0.0,0.0,25.0,12.8,2.5,2.0,1.7,0.0,686005.0,5.5,222,19
2.0,90.0,0.0,0.0,0.0,1.0,0.0,0.0,0.0,0.0,0.0,0.0,0.0,14.0,11.2,10.4,6.0,2.8,0.0,12911.0,5.5,200,1
1.0,90.0,0.0,0.0,0.0,2.0,0.0,0.0,0.0,0.0,0.0,0.0,0.0,15.0,14.6,0.0,8.0,2.3,140.0,304.0,4.5,251,2
1.0,90.0,0.0,0.0,0.0,2.0,0.0,0.0,0.0,0.0,0.0,0.0,0.0,0.0,0.0,0.0,0.0,0.0,0.0,1369.0,4.5,223,17
2.0,76.0,0.0,0.0,0.0,1.0,0.0,0.0,0.0,0.0,0.0,0.0,0.0,13.0,17.4,11.4,20.0,4.9,0.0,62869.0,6.0,149,1
1.0,12.0,0.0,0.0,0.0,0.0,0.0,0.0,0.0,0.0,0.0,0.0,0.0,0.0,0.0,0.0,0.0,0.0,0.0,23082.0,5.5,285,10
3.0,90.0,0.0,0.0,1.0,0.0,0.0,0.0,0.0,0.0,0.0,0.0,0.0,13.0,25.6,78.4,25.0,12.9,451998.0,1623046.0,10.5,359,9
12.0,90.0,1.0,1.0,0.0,1.0,0.0,0.0,0.0,0.0,0.0,0.0,1.0,0.0,0.0,0.0,0.0,0.0,0.0,236728.0,5.5,282,4
7.0,24.0,1.0,0.0,0.0,0.0,0.0,0.0,0.0,0.0,0.0,0.0,2.0,29.0,38.6,12.7,48.0,9.9,0.0,196064.0,8.5,231,13
6.0,90.0,0.0,0.0,1.0,0.0,0.0,0.0,0.0,0.0,0.0,0.0,0.0,13.0,19.8,0.5,8.0,2.8,6169.0,7762.0,5.5,260,4
2.0,90.0,0.0,0.0,0.0,1.0,0.0,0.0,0.0,0.0,0.0,0.0,0.0,11.0,16.4,15.4,4.0,3.6,0.0,145802.0,5.0,182,7
1.0,24.0,0.0,0.0,0.0,0.0,0.0,0.0,0.0,0.0,0.0,0.0,0.0,52.0,71.2,10.3,36.0,11.8,0.0,1036141.0,10.0,358,16
11.0,90.0,1.0,0.0,1.0,0.0,0.0,0.0,0.0,0.0,0.0,0.0,3.0,17.0,22.2,14.7,29.0,6.6,70648.0,322864.0,11.5,331,8
1.0,90.0,0.0,0.0,0.0,3.0,0.0,0.0,0.0,0.0,0.0,0.0,0.0,16.0,20.4,1.2,7.0,2.9,0.0,531265.0,5.0,239,5
1.0,1.0,0.0,0.0,0.0,0.0,0.0,0.0,0.0,0.0,0.0,0.0,0.0,-1.0,2.8,5.8,35.0,4.4,0.0,149187.0,7.0,87,9
2.0,71.0,0.0,0.0,1.0,0.0,0.0,0.0,0.0,1.0,0.0,0.0,0.0,0.0,0.0,0.0,0.0,0.0,0.0,55175.0,7.0,42,8
2.0,90.0,0.0,0.0,0.0,1.0,0.0,0.0,0.0,0.0,0.0,0.0,0.0,14.0,11.4,3.4,6.0,2.1,29089.0,36150.0,5.5,187,11
1.0,11.0,0.0,0.0,0.0,1.0,0.0,0.0,0.0,0.0,0.0,0.0,0.0,0.0,0.0,0.0,0.0,0.0,0.0,10931.0,6.0,78,11
1.0,90.0,0.0,0.0,0.0,2.0,0.0,0.0,0.0,0.0,0.0,0.0,0.0,32.0,20.0,13.0,2.0,3.5,0.0,681843.0,4.5,284,2
2.0,90.0,0.0,0.0,0.0,1.0,0.0,0.0,0.0,0.0,0.0,0.0,0.0,18.0,25.6,14.9,6.0,4.7,0.0,18135.0,5.5,347,2
1.0,45.0,0.0,0.0,0.0,0.0,0.0,0.0,0.0,0.0,0.0,0.0,0.0,6.0,6.8,27.2,2.0,3.6,0.0,78657.0,6.5,98,10
6.0,10.0,1.0,0.0,0.0,0.0,0.0,0.0,0.0,0.0,0.0,0.0,0.0,5.0,7.2,7.2,23.0,3.7,0.0,54083.0,6.5,62,19
8.0,90.0,0.0,0.0,1.0,0.0,0.0,0.0,0.0,0.0,0.0,0.0,2.0,12.0,17.0,11.2,2.0,3.0,0.0,166187.0,5.5,205,15
1.0,87.0,0.0,0.0,0.0,2.0,0.0,0.0,0.0,0.0,0.0,0.0,0.0,0.0,0.0,0.0,0.0,0.0,0.0,15272.0,4.5,306,3
2.0,61.0,0.0,0.0,0.0,3.0,0.0,0.0,0.0,0.0,0.0,0.0,0.0,8.0,7.6,2.9,2.0,1.3,0.0,111474.0,6.0,161,3
1.0,90.0,0.0,0.0,0.0,3.0,0.0,0.0,0.0,0.0,0.0,0.0,0.0,21.0,23.2,1.3,2.0,2.7,0.0,256415.0,4.5,323,9
3.0,64.0,0.0,0.0,1.0,0.0,0.0,0.0,0.0,0.0,0.0,0.0,0.0,3.0,3.8,1.3,0.0,0.5,0.0,12879.0,6.0,241,9
1.0,90.0,0.0,0.0,0.0,1.0,0.0,0.0,0.0,1.0,0.0,0.0,0.0,12.0,7.6,25.3,0.0,3.3,-6566.0,55990.0,5.5,237,14
2.0,90.0,0.0,0.0,0.0,1.0,0.0,0.0,0.0,0.0,0.0,1.0,0.0,15.0,20.0,0.0,0.0,2.0,0.0,296409.0,5.5,321,4
6.0,90.0,0.0,0.0,1.0,0.0,0.0,0.0,0.0,0.0,0.0,0.0,0.0,14.0,14.8,11.8,1.0,2.8,0.0,187445.0,4.5,112,15
1.0,59.0,0.0,0.0,0.0,1.0,0.0,0.0,0.0,0.0,0.0,0.0,0.0,8.0,20.4,10.4,0.0,3.1,1331.0,1969.0,5.0,208,3
1.0,72.0,0.0,0.0,0.0,1.0,0.0,0.0,0.0,1.0,0.0,0.0,0.0,6.0,6.0,28.3,0.0,3.4,0.0,57448.0,6.0,19,1
1.0,74.0,0.0,0.0,0.0,1.0,0.0,0.0,0.0,1.0,0.0,0.0,0.0,3.0,4.4,0.7,0.0,0.5,0.0,3104.0,5.5,30,8
2.0,90.0,0.0,0.0,0.0,1.0,0.0,0.0,0.0,0.0,0.0,0.0,0.0,14.0,30.0,1.1,6.0,3.7,0.0,25125.0,5.0,307,2
1.0,15.0,0.0,0.0,0.0,0.0,0.0,0.0,0.0,0.0,0.0,0.0,0.0,0.0,0.0,0.0,0.0,0.0,0.0,3224.0,6.0,84,17
3.0,90.0,0.0,0.0,1.0,0.0,0.0,0.0,0.0,0.0,0.0,0.0,0.0,2.0,2.4,13.3,2.0,1.8,0.0,32021.0,4.5,71,14
9.0,84.0,1.0,0.0,1.0,0.0,0.0,0.0,0.0,0.0,0.0,0.0,1.0,3.0,0.4,4.2,6.0,1.1,2206.0,2631.0,5.5,211,6
3.0,90.0,0.0,0.0,1.0,0.0,0.0,0.0,0.0,0.0,0.0,0.0,0.0,4.0,2.4,4.3,0.0,0.7,0.0,33970.0,5.0,108,15
2.0,90.0,0.0,0.0,0.0,1.0,0.0,0.0,0.0,0.0,0.0,0.0,0.0,0.0,0.0,0.0,0.0,0.0,8063.0,10638.0,5.5,302,4
3.0,71.0,0.0,0.0,1.0,0.0,0.0,0.0,0.0,0.0,0.0,0.0,0.0,2.0,0.4,3.3,2.0,0.6,0.0,83611.0,7.5,114,10
6.0,90.0,0.0,0.0,1.0,0.0,0.0,0.0,0.0,0.0,0.0,0.0,0.0,13.0,17.4,0.7,0.0,1.8,0.0,95090.0,5.0,198,15
1.0,90.0,0.0,0.0,0.0,2.0,0.0,0.0,0.0,1.0,0.0,0.0,0.0,3.0,12.0,15.3,41.0,6.8,0.0,45716.0,6.0,145,14
1.0,90.0,0.0,0.0,0.0,1.0,0.0,0.0,0.0,1.0,0.0,0.0,0.0,14.0,14.8,4.6,4.0,2.3,11004.0,276468.0,5.5,122,8
1.0,90.0,0.0,0.0,0.0,2.0,0.0,0.0,0.0,1.0,0.0,0.0,0.0,0.0,0.0,0.0,0.0,0.0,211.0,329.0,5.5,196,17
3.0,90.0,0.0,0.0,1.0,0.0,0.0,0.0,0.0,0.0,0.0,0.0,0.0,15.0,6.6,17.4,4.0,2.8,0.0,280881.0,6.0,332,11
1.0,8.0,0.0,0.0,0.0,0.0,0.0,0.0,0.0,0.0,0.0,0.0,0.0,0.0,0.0,0.0,0.0,0.0,0.0,10890.0,4.5,84,6
1.0,90.0,0.0,0.0,0.0,3.0,0.0,0.0,0.0,0.0,0.0,0.0,0.0,27.0,19.0,33.9,16.0,6.9,686.0,25413.0,5.0,280,12
1.0,20.0,0.0,0.0,0.0,0.0,0.0,0.0,0.0,0.0,0.0,0.0,0.0,2.0,3.6,11.2,13.0,2.8,-3221.0,51558.0,6.0,36,13
1.0,20.0,0.0,0.0,0.0,0.0,0.0,0.0,0.0,0.0,0.0,0.0,0.0,0.0,0.0,0.0,0.0,0.0,0.0,76220.0,4.5,34,12
2.0,90.0,0.0,0.0,0.0,1.0,0.0,0.0,0.0,0.0,0.0,0.0,0.0,15.0,16.8,18.5,2.0,3.7,0.0,87171.0,5.0,246,13
3.0,90.0,0.0,0.0,1.0,0.0,0.0,0.0,0.0,0.0,0.0,0.0,0.0,0.0,0.0,0.0,0.0,0.0,0.0,7235.0,5.5,48,11
1.0,90.0,0.0,0.0,0.0,2.0,0.0,0.0,0.0,0.0,0.0,0.0,0.0,31.0,19.4,39.8,0.0,5.9,0.0,76806.0,4.5,77,7
3.0,90.0,0.0,0.0,1.0,0.0,0.0,0.0,0.0,0.0,0.0,0.0,0.0,17.0,22.2,14.7,29.0,6.6,70648.0,322864.0,11.5,331,4
2.0,73.0,0.0,0.0,0.0,2.0,0.0,0.0,0.0,0.0,0.0,0.0,0.0,7.0,3.8,2.8,5.0,1.2,0.0,1361562.0,5.5,151,9
9.0,90.0,0.0,0.0,0.0,1.0,0.0,1.0,0.0,0.0,0.0,2.0,2.0,31.0,41.4,0.0,0.0,4.1,0.0,87269.0,5.0,215,5
1.0,45.0,0.0,0.0,0.0,1.0,0.0,0.0,0.0,0.0,0.0,0.0,0.0,4.0,1.8,5.3,22.0,2.9,-652.0,26990.0,6.5,113,16
3.0,74.0,0.0,0.0,1.0,0.0,0.0,0.0,0.0,0.0,0.0,0.0,0.0,8.0,18.0,18.3,66.0,10.2,0.0,251556.0,7.0,317,8
2.0,90.0,0.0,0.0,1.0,0.0,0.0,0.0,0.0,0.0,0.0,0.0,0.0,0.0,0.0,0.0,0.0,0.0,24237.0,27586.0,8.0,110,14
3.0,90.0,0.0,0.0,0.0,1.0,0.0,0.0,0.0,0.0,0.0,4.0,0.0,17.0,22.6,0.0,0.0,2.3,0.0,1400435.0,4.5,336,8
5.0,32.0,1.0,0.0,0.0,0.0,0.0,0.0,0.0,0.0,0.0,0.0,0.0,4.0,0.0,0.4,2.0,0.2,0.0,8412.0,5.5,238,12
8.0,70.0,1.0,0.0,0.0,2.0,0.0,0.0,0.0,0.0,0.0,0.0,1.0,3.0,2.0,15.3,6.0,2.3,0.0,132947.0,8.0,5,6
0.0,90.0,0.0,0.0,0.0,2.0,0.0,0.0,0.0,1.0,0.0,0.0,0.0,0.0,0.0,0.0,0.0,0.0,0.0,7325.0,4.5,84,16
12.0,90.0,1.0,0.0,1.0,0.0,0.0,0.0,0.0,1.0,0.0,0.0,1.0,0.0,0.0,0.0,0.0,0.0,0.0,44238.0,4.5,165,18
6.0,90.0,0.0,0.0,1.0,0.0,0.0,0.0,0.0,0.0,0.0,0.0,0.0,0.0,0.0,0.0,0.0,0.0,-439.0,11308.0,4.5,206,13
2.0,90.0,0.0,0.0,0.0,3.0,0.0,0.0,0.0,0.0,0.0,0.0,0.0,15.0,10.6,3.8,18.0,3.2,0.0,0.0,4.5,124,0
2.0,75.0,0.0,0.0,0.0,1.0,0.0,0.0,0.0,0.0,0.0,0.0,0.0,6.0,20.0,3.5,35.0,5.9,0.0,1485702.0,6.0,257,6
5.0,90.0,0.0,1.0,0.0,1.0,0.0,0.0,0.0,0.0,0.0,0.0,0.0,3.0,0.4,0.8,0.0,0.1,0.0,12864.0,5.5,106,11
6.0,90.0,0.0,0.0,1.0,0.0,0.0,0.0,0.0,0.0,0.0,0.0,0.0,23.0,9.8,26.4,4.0,4.0,0.0,240975.0,5.0,264,13
1.0,90.0,0.0,0.0,0.0,1.0,0.0,0.0,0.0,1.0,0.0,0.0,0.0,8.0,4.6,1.9,18.0,2.5,0.0,6389.0,6.5,301,0
3.0,79.0,0.0,0.0,1.0,0.0,0.0,0.0,0.0,0.0,0.0,0.0,0.0,15.0,27.2,1.2,0.0,2.8,0.0,126755.0,5.0,116,13
1.0,45.0,0.0,0.0,0.0,1.0,0.0,0.0,0.0,0.0,0.0,0.0,0.0,0.0,0.0,0.0,0.0,0.0,0.0,60979.0,5.5,10,11
1.0,90.0,0.0,0.0,0.0,3.0,0.0,0.0,0.0,0.0,0.0,0.0,0.0,16.0,16.4,0.8,0.0,1.7,0.0,10082.0,4.5,40,8
0.0,90.0,0.0,0.0,0.0,1.0,0.0,0.0,1.0,0.0,0.0,0.0,0.0,9.0,11.2,12.8,2.0,2.6,380.0,436.0,5.0,288,10
5.0,69.0,0.0,1.0,0.0,2.0,0.0,0.0,0.0,0.0,0.0,0.0,0.0,5.0,1.4,0.3,2.0,0.4,2052.0,2616.0,6.0,253,13
7.0,90.0,0.0,0.0,1.0,0.0,0.0,0.0,0.0,0.0,0.0,0.0,1.0,14.0,14.8,4.6,4.0,2.3,11004.0,276468.0,5.5,122,9
-2.0,33.0,0.0,0.0,0.0,5.0,0.0,0.0,0.0,0.0,1.0,0.0,0.0,9.0,8.6,14.7,26.0,4.9,0.0,182852.0,6.0,197,16
2.0,90.0,0.0,0.0,0.0,1.0,0.0,0.0,0.0,0.0,0.0,0.0,0.0,13.0,13.2,6.9,6.0,2.6,0.0,340758.0,5.5,38,13
6.0,90.0,0.0,0.0,1.0,0.0,0.0,0.0,0.0,0.0,0.0,0.0,0.0,16.0,14.2,18.2,0.0,3.2,0.0,0.0,4.5,219,7
1.0,2.0,0.0,0.0,0.0,0.0,0.0,0.0,0.0,0.0,0.0,0.0,0.0,0.0,0.0,0.0,0.0,0.0,0.0,11161.0,4.5,159,6
6.0,90.0,0.0,0.0,1.0,0.0,0.0,0.0,0.0,0.0,0.0,2.0,0.0,13.0,22.6,0.0,0.0,2.3,-36200.0,1047580.0,5.5,328,19
3.0,90.0,0.0,0.0,1.0,0.0,0.0,0.0,0.0,0.0,0.0,0.0,0.0,4.0,0.0,1.6,0.0,0.2,0.0,3307.0,5.0,63,19
2.0,90.0,0.0,0.0,0.0,1.0,0.0,0.0,0.0,0.0,0.0,0.0,0.0,10.0,7.8,30.4,0.0,3.8,0.0,3227802.0,7.5,230,19
2.0,90.0,0.0,0.0,0.0,1.0,0.0,0.0,0.0,0.0,0.0,2.0,0.0,12.0,18.2,0.0,0.0,1.8,0.0,462939.0,5.0,121,15
3.0,90.0,0.0,0.0,0.0,1.0,0.0,0.0,0.0,0.0,0.0,4.0,0.0,0.0,0.0,0.0,0.0,0.0,0.0,71203.0,4.5,293,14
1.0,58.0,0.0,0.0,0.0,0.0,0.0,0.0,0.0,0.0,0.0,0.0,0.0,2.0,3.6,11.2,13.0,2.8,-3221.0,51558.0,6.0,36,8
1.0,90.0,0.0,0.0,0.0,3.0,0.0,0.0,0.0,0.0,0.0,0.0,0.0,0.0,0.0,0.0,0.0,0.0,0.0,51620.0,4.5,127,9
1.0,20.0,0.0,0.0,0.0,0.0,0.0,0.0,0.0,0.0,0.0,0.0,0.0,0.0,0.0,0.3,0.0,0.0,0.0,462199.0,6.0,243,8
1.0,90.0,0.0,0.0,0.0,2.0,0.0,0.0,0.0,0.0,0.0,0.0,0.0,0.0,0.0,0.0,0.0,0.0,1337.0,2348.0,4.5,32,17
9.0,90.0,1.0,0.0,0.0,1.0,0.0,0.0,0.0,0.0,0.0,0.0,3.0,29.0,41.2,8.5,48.0,9.8,0.0,1082647.0,8.5,278,11
1.0,19.0,0.0,0.0,0.0,0.0,0.0,0.0,0.0,0.0,0.0,0.0,0.0,5.0,7.2,0.0,0.0,0.7,0.0,4908.0,5.0,18,16
1.0,90.0,0.0,0.0,0.0,2.0,0.0,0.0,0.0,0.0,0.0,0.0,0.0,0.0,0.0,0.0,0.0,0.0,0.0,11269.0,4.5,261,3
2.0,66.0,0.0,0.0,0.0,2.0,0.0,0.0,0.0,0.0,0.0,0.0,0.0,5.0,0.0,8.8,0.0,0.9,0.0,144113.0,4.5,80,9
6.0,90.0,0.0,1.0,1.0,0.0,0.0,0.0,0.0,0.0,0.0,0.0,0.0,0.0,0.0,0.0,0.0,0.0,0.0,23082.0,5.5,285,18
3.0,90.0,0.0,0.0,0.0,2.0,0.0,0.0,0.0,0.0,0.0,6.0,0.0,20.0,17.8,0.0,0.0,1.8,0.0,55373.0,4.5,308,10
2.0,90.0,0.0,0.0,0.0,1.0,0.0,0.0,0.0,0.0,0.0,0.0,0.0,10.0,4.8,11.7,79.0,9.6,0.0,2838333.0,9.5,311,6
1.0,22.0,0.0,0.0,0.0,1.0,0.0,0.0,0.0,0.0,0.0,0.0,0.0,19.0,36.2,3.3,23.0,6.3,23767.0,247988.0,7.0,22,1
4.0,19.0,0.0,1.0,0.0,0.0,0.0,0.0,0.0,0.0,0.0,0.0,0.0,0.0,0.0,0.0,0.0,0.0,1454.0,2009.0,6.0,107,12
1.0,13.0,0.0,0.0,0.0,2.0,0.0,0.0,0.0,0.0,0.0,0.0,0.0,0.0,0.0,0.0,0.0,0.0,0.0,60979.0,5.5,10,0
1.0,28.0,0.0,0.0,0.0,0.0,0.0,0.0,0.0,0.0,0.0,0.0,0.0,3.0,4.4,12.9,6.0,2.3,50916.0,1061409.0,4.5,84,19
5.0,90.0,0.0,1.0,0.0,1.0,0.0,0.0,0.0,0.0,0.0,0.0,0.0,0.0,0.0,0.0,0.0,0.0,0.0,5818.0,5.5,51,12
1.0,27.0,0.0,0.0,0.0,0.0,0.0,0.0,0.0,0.0,0.0,0.0,0.0,5.0,7.2,7.2,23.0,3.7,0.0,54083.0,6.5,62,8
1.0,29.0,0.0,0.0,0.0,0.0,0.0,0.0,0.0,0.0,0.0,0.0,0.0,6.0,12.8,1.8,17.0,3.2,0.0,1189095.0,6.5,76,9
1.0,82.0,0.0,0.0,0.0,3.0,0.0,0.0,0.0,0.0,0.0,0.0,0.0,0.0,0.0,0.0,0.0,0.0,0.0,618483.0,4.5,84,2
14.0,90.0,1.0,0.0,1.0,0.0,0.0,0.0,0.0,1.0,0.0,0.0,3.0,0.0,0.0,0.0,0.0,0.0,0.0,8203.0,5.0,226,5
6.0,90.0,0.0,0.0,1.0,0.0,0.0,0.0,0.0,0.0,0.0,0.0,0.0,12.0,18.4,1.1,17.0,3.7,0.0,30741.0,5.0,180,17
7.0,90.0,1.0,0.0,0.0,2.0,0.0,0.0,0.0,1.0,0.0,0.0,1.0,7.0,8.6,18.0,0.0,2.7,0.0,10068.0,5.0,95,3
5.0,90.0,0.0,1.0,0.0,1.0,0.0,0.0,0.0,0.0,0.0,0.0,0.0,18.0,31.6,1.4,21.0,5.4,0.0,461359.0,7.0,356,12
1.0,90.0,0.0,0.0,0.0,2.0,0.0,0.0,0.0,0.0,0.0,0.0,0.0,0.0,0.0,0.0,0.0,0.0,59156.0,865810.0,5.5,252,19
2.0,90.0,0.0,0.0,0.0,1.0,0.0,0.0,0.0,0.0,0.0,0.0,0.0,13.0,17.4,0.7,0.0,1.8,0.0,95090.0,5.0,198,4
5.0,90.0,0.0,1.0,0.0,1.0,0.0,0.0,0.0,0.0,0.0,0.0,0.0,10.0,4.8,11.7,79.0,9.6,0.0,2838333.0,9.5,311,13
9.0,90.0,0.0,0.0,1.0,0.0,0.0,0.0,0.0,0.0,0.0,5.0,2.0,38.0,32.2,0.0,0.0,3.2,38079.0,349600.0,4.5,348,5
1.0,5.0,0.0,0.0,0.0,0.0,0.0,0.0,0.0,0.0,0.0,0.0,0.0,15.0,20.2,35.5,36.0,9.2,0.0,155868.0,5.0,229,13
1.0,45.0,0.0,0.0,0.0,1.0,0.0,0.0,0.0,0.0,0.0,0.0,0.0,0.0,0.0,0.0,0.0,0.0,0.0,2316.0,5.0,52,5
2.0,90.0,0.0,0.0,0.0,7.0,0.0,0.0,0.0,0.0,0.0,0.0,0.0,18.0,31.6,1.4,21.0,5.4,0.0,461359.0,7.0,356,3
1.0,6.0,0.0,0.0,0.0,0.0,0.0,0.0,0.0,0.0,0.0,0.0,0.0,3.0,0.0,0.0,0.0,0.0,0.0,0.0,4.5,14,19
1.0,90.0,0.0,0.0,0.0,2.0,0.0,0.0,0.0,0.0,0.0,0.0,0.0,14.0,14.8,11.8,1.0,2.8,0.0,187445.0,4.5,112,7
2.0,90.0,0.0,0.0,1.0,0.0,0.0,0.0,0.0,0.0,0.0,0.0,0.0,1.0,8.6,11.2,60.0,8.0,0.0,1467030.0,8.5,322,18
1.0,90.0,0.0,0.0,0.0,1.0,0.0,0.0,0.0,1.0,0.0,0.0,0.0,12.0,23.8,6.3,12.0,4.2,5851.0,356412.0,6.0,343,3
1.0,90.0,0.0,0.0,0.0,2.0,0.0,0.0,0.0,0.0,0.0,0.0,0.0,0.0,0.0,0.0,0.0,0.0,0.0,51620.0,4.5,127,10
6.0,90.0,0.0,0.0,1.0,0.0,0.0,0.0,0.0,0.0,0.0,0.0,0.0,25.0,12.8,2.5,2.0,1.7,0.0,686005.0,5.5,222,12
6.0,90.0,0.0,0.0,1.0,0.0,0.0,0.0,0.0,0.0,0.0,0.0,0.0,20.0,23.4,19.6,4.0,4.7,0.0,766431.0,7.0,305,14
1.0,4.0,0.0,0.0,0.0,0.0,0.0,0.0,0.0,0.0,0.0,0.0,0.0,4.0,2.0,0.0,0.0,0.2,0.0,8045.0,5.5,117,9
4.0,90.0,0.0,1.0,0.0,1.0,0.0,0.0,0.0,1.0,0.0,0.0,0.0,25.0,12.8,2.5,2.0,1.7,0.0,686005.0,5.5,222,9
1.0,16.0,0.0,0.0,0.0,0.0,0.0,0.0,0.0,0.0,0.0,0.0,0.0,0.0,0.0,0.0,0.0,0.0,680.0,876.0,5.5,329,1
6.0,90.0,0.0,0.0,1.0,0.0,0.0,0.0,0.0,0.0,0.0,0.0,0.0,19.0,17.6,10.4,4.0,3.2,0.0,36388.0,4.5,325,15
16.0,74.0,2.0,0.0,1.0,0.0,0.0,0.0,0.0,0.0,0.0,0.0,3.0,4.0,2.8,12.3,0.0,1.5,0.0,81625.0,7.0,266,13
2.0,67.0,0.0,0.0,0.0,1.0,0.0,0.0,0.0,0.0,0.0,0.0,0.0,0.0,0.0,0.0,0.0,0.0,-10501.0,43760.0,7.5,102,10
1.0,90.0,0.0,0.0,0.0,2.0,0.0,0.0,0.0,0.0,0.0,0.0,0.0,0.0,0.0,0.0,0.0,0.0,8063.0,10638.0,5.5,302,5
3.0,90.0,0.0,0.0,1.0,0.0,0.0,0.0,0.0,0.0,0.0,0.0,0.0,15.0,6.6,17.4,4.0,2.8,0.0,280881.0,6.0,332,15
1.0,32.0,0.0,0.0,0.0,0.0,0.0,0.0,0.0,0.0,0.0,0.0,0.0,0.0,0.0,0.0,0.0,0.0,0.0,49378.0,4.5,84,7
13.0,90.0,1.0,1.0,0.0,1.0,0.0,0.0,0.0,0.0,0.0,0.0,3.0,18.0,19.8,15.8,4.0,4.0,0.0,13748.0,5.5,247,8
2.0,90.0,0.0,0.0,0.0,1.0,0.0,0.0,0.0,0.0,0.0,0.0,0.0,69.0,117.2,50.1,161.0,32.8,0.0,1883241.0,12.0,360,19
2.0,68.0,0.0,0.0,0.0,1.0,0.0,0.0,0.0,0.0,0.0,0.0,0.0,11.0,9.8,3.5,0.0,1.3,0.0,17814.0,4.5,126,19
2.0,90.0,0.0,0.0,0.0,3.0,0.0,0.0,0.0,0.0,0.0,0.0,0.0,12.0,7.6,25.3,0.0,3.3,-6566.0,55990.0,5.5,237,9
1.0,21.0,0.0,0.0,0.0,1.0,0.0,0.0,0.0,0.0,0.0,0.0,0.0,0.0,0.0,0.0,0.0,0.0,0.0,11161.0,4.5,159,0
1.0,32.0,0.0,0.0,0.0,0.0,0.0,0.0,0.0,0.0,0.0,0.0,0.0,10.0,10.2,36.0,14.0,6.0,0.0,33140.0,6.0,66,13
6.0,90.0,0.0,0.0,1.0,0.0,0.0,0.0,0.0,0.0,0.0,0.0,0.0,15.0,16.8,18.5,2.0,3.7,0.0,87171.0,5.0,246,19
0.0,90.0,0.0,0.0,0.0,4.0,0.0,0.0,0.0,0.0,0.0,0.0,0.0,22.0,13.2,0.7,0.0,1.4,0.0,105207.0,4.5,300,9
6.0,90.0,0.0,0.0,1.0,0.0,0.0,0.0,0.0,0.0,0.0,0.0,0.0,0.0,0.0,0.0,0.0,0.0,12224.0,16303.0,5.0,274,15
2.0,90.0,0.0,0.0,0.0,1.0,0.0,0.0,0.0,0.0,0.0,2.0,0.0,12.0,18.2,0.0,0.0,1.8,0.0,462939.0,5.0,121,10
1.0,1.0,0.0,0.0,0.0,0.0,0.0,0.0,0.0,0.0,0.0,0.0,0.0,0.0,0.0,0.0,0.0,0.0,0.0,12770.0,4.5,84,8
5.0,70.0,0.0,1.0,0.0,1.0,0.0,0.0,0.0,0.0,0.0,0.0,0.0,0.0,0.0,0.0,0.0,0.0,0.0,7235.0,5.5,48,19
2.0,65.0,0.0,0.0,0.0,1.0,0.0,0.0,0.0,0.0,0.0,0.0,0.0,9.0,6.6,37.8,19.0,6.3,-472.0,89093.0,5.5,193,12
2.0,66.0,0.0,0.0,0.0,1.0,0.0,0.0,0.0,0.0,0.0,0.0,0.0,8.0,4.6,1.9,18.0,2.5,0.0,6389.0,6.5,301,11
8.0,90.0,1.0,0.0,0.0,3.0,0.0,0.0,0.0,0.0,0.0,0.0,1.0,11.0,8.8,1.3,0.0,1.0,0.0,196908.0,4.5,304,4
6.0,90.0,0.0,0.0,1.0,0.0,0.0,0.0,0.0,0.0,0.0,0.0,0.0,13.0,17.4,0.7,0.0,1.8,0.0,95090.0,5.0,198,8
3.0,90.0,0.0,0.0,0.0,1.0,0.0,0.0,0.0,0.0,0.0,4.0,0.0,12.0,16.6,0.0,0.0,1.7,8554.0,296170.0,5.5,210,11
2.0,90.0,0.0,0.0,0.0,1.0,0.0,0.0,0.0,0.0,0.0,0.0,0.0,11.0,16.4,15.4,4.0,3.6,0.0,145802.0,5.0,182,11
1.0,19.0,0.0,0.0,0.0,0.0,0.0,0.0,0.0,0.0,0.0,0.0,0.0,-2.0,0.0,1.8,5.0,0.2,0.0,6711.0,5.0,2,2
1.0,90.0,0.0,0.0,0.0,1.0,0.0,0.0,0.0,1.0,0.0,0.0,0.0,16.0,20.4,1.2,7.0,2.9,0.0,531265.0,5.0,239,19
1.0,1.0,0.0,0.0,0.0,0.0,0.0,0.0,0.0,0.0,0.0,0.0,0.0,11.0,15.4,4.8,4.0,2.4,1626.0,81124.0,5.5,85,8
2.0,81.0,0.0,0.0,0.0,1.0,0.0,0.0,0.0,0.0,0.0,0.0,0.0,0.0,0.0,0.0,0.0,0.0,0.0,7235.0,5.5,48,6
2.0,90.0,0.0,0.0,0.0,1.0,0.0,0.0,0.0,0.0,0.0,0.0,0.0,0.0,0.0,0.0,0.0,0.0,0.0,108444.0,4.0,103,4
1.0,90.0,0.0,0.0,0.0,2.0,0.0,0.0,0.0,0.0,0.0,0.0,0.0,21.0,23.2,1.3,2.0,2.7,0.0,256415.0,4.5,323,10
2.0,79.0,0.0,0.0,0.0,1.0,0.0,0.0,0.0,0.0,0.0,0.0,0.0,8.0,8.4,14.8,0.0,2.3,0.0,755977.0,8.5,128,13
1.0,90.0,0.0,0.0,0.0,2.0,0.0,0.0,0.0,0.0,0.0,0.0,0.0,14.0,14.8,4.6,4.0,2.3,11004.0,276468.0,5.5,122,5
0.0,90.0,0.0,0.0,0.0,4.0,0.0,0.0,0.0,0.0,0.0,0.0,0.0,44.0,47.0,0.3,33.0,8.0,-696.0,12720.0,4.5,254,7
5.0,90.0,0.0,1.0,0.0,2.0,0.0,0.0,0.0,0.0,0.0,0.0,0.0,9.0,8.6,14.7,26.0,4.9,0.0,182852.0,6.0,197,9
1.0,13.0,0.0,0.0,0.0,0.0,0.0,0.0,0.0,0.0,0.0,0.0,0.0,0.0,0.0,0.0,0.0,0.0,0.0,0.0,4.5,15,15
4.0,90.0,0.0,1.0,1.0,0.0,0.0,0.0,0.0,1.0,0.0,0.0,0.0,2.0,3.6,11.2,13.0,2.8,-3221.0,51558.0,6.0,36,16
8.0,90.0,0.0,0.0,1.0,0.0,0.0,0.0,0.0,1.0,0.0,0.0,3.0,0.0,0.0,0.0,0.0,0.0,-392.0,64092.0,5.5,346,8
1.0,17.0,0.0,0.0,0.0,0.0,0.0,0.0,0.0,0.0,0.0,0.0,0.0,0.0,0.0,0.0,0.0,0.0,0.0,41594.0,6.0,27,6
1.0,6.0,0.0,0.0,0.0,1.0,0.0,0.0,0.0,0.0,0.0,0.0,0.0,0.0,0.0,0.0,0.0,0.0,0.0,8154.0,5.5,96,1
2.0,90.0,0.0,0.0,0.0,7.0,0.0,0.0,0.0,0.0,0.0,0.0,0.0,-7.0,9.2,0.8,19.0,2.9,0.0,403544.0,6.0,138,3
1.0,21.0,0.0,0.0,0.0,0.0,0.0,0.0,0.0,0.0,0.0,0.0,0.0,4.0,14.4,11.8,0.0,2.6,0.0,50068.0,4.5,169,6
1.0,90.0,0.0,0.0,0.0,5.0,0.0,0.0,0.0,1.0,0.0,0.0,0.0,12.0,12.8,2.0,0.0,1.5,0.0,5941.0,5.0,69,12
6.0,83.0,1.0,0.0,0.0,2.0,0.0,0.0,0.0,0.0,0.0,0.0,0.0,28.0,40.0,0.5,27.0,6.8,0.0,226666.0,5.5,353,11
4.0,90.0,0.0,0.0,0.0,1.0,0.0,0.0,0.0,0.0,0.0,7.0,0.0,12.0,18.2,0.0,0.0,1.8,0.0,462939.0,5.0,121,2
2.0,90.0,0.0,0.0,0.0,2.0,0.0,0.0,0.0,0.0,0.0,0.0,0.0,0.0,0.0,0.0,0.0,0.0,0.0,7154.0,5.0,60,5
2.0,90.0,0.0,0.0,0.0,1.0,0.0,0.0,0.0,0.0,0.0,0.0,0.0,0.0,0.0,0.0,0.0,0.0,0.0,86735.0,4.0,84,16
1.0,90.0,0.0,0.0,0.0,2.0,0.0,0.0,0.0,0.0,0.0,0.0,0.0,15.0,24.6,0.9,0.0,2.6,0.0,101787.0,4.5,84,8
1.0,90.0,0.0,0.0,0.0,3.0,0.0,0.0,0.0,0.0,0.0,0.0,0.0,0.0,0.0,0.0,0.0,0.0,0.0,22681.0,4.5,20,14
6.0,90.0,0.0,0.0,1.0,0.0,0.0,0.0,0.0,0.0,0.0,0.0,0.0,11.0,10.4,11.2,0.0,2.2,0.0,70232.0,5.0,327,7
2.0,90.0,0.0,0.0,0.0,1.0,0.0,0.0,0.0,0.0,0.0,0.0,0.0,13.0,22.6,0.0,0.0,2.3,-36200.0,1047580.0,5.5,328,7
1.0,17.0,0.0,0.0,0.0,0.0,0.0,0.0,0.0,0.0,0.0,0.0,0.0,0.0,0.0,0.0,0.0,0.0,0.0,11161.0,4.5,159,18
1.0,3.0,0.0,0.0,0.0,1.0,0.0,0.0,0.0,0.0,0.0,0.0,0.0,0.0,0.0,0.0,0.0,0.0,0.0,0.0,4.5,111,14
3.0,90.0,0.0,0.0,1.0,0.0,0.0,0.0,0.0,0.0,0.0,0.0,0.0,7.0,12.4,21.6,46.0,8.0,0.0,367903.0,5.0,324,7
6.0,90.0,0.0,0.0,1.0,0.0,0.0,0.0,0.0,0.0,0.0,0.0,0.0,29.0,25.8,0.1,0.0,2.6,0.0,101537.0,5.0,281,5
1.0,90.0,0.0,0.0,0.0,2.0,0.0,0.0,0.0,0.0,0.0,0.0,0.0,8.0,9.6,0.6,0.0,1.0,0.0,19684.0,4.5,17,11
1.0,45.0,0.0,0.0,0.0,1.0,0.0,0.0,0.0,0.0,0.0,0.0,0.0,5.0,1.8,12.4,12.0,2.6,0.0,0.0,6.0,177,11
1.0,13.0,0.0,0.0,0.0,0.0,0.0,0.0,0.0,0.0,0.0,0.0,0.0,0.0,0.0,0.0,0.0,0.0,-37798.0,235327.0,10.5,39,11
2.0,90.0,0.0,0.0,0.0,4.0,0.0,0.0,0.0,0.0,0.0,0.0,0.0,9.0,8.6,14.7,26.0,4.9,0.0,182852.0,6.0,197,8
1.0,55.0,0.0,0.0,0.0,2.0,0.0,0.0,0.0,0.0,0.0,0.0,0.0,11.0,8.8,11.3,0.0,2.0,0.0,10809.0,5.0,16,17
1.0,18.0,0.0,0.0,0.0,0.0,0.0,0.0,0.0,0.0,0.0,0.0,0.0,10.0,4.8,11.7,79.0,9.6,0.0,2838333.0,9.5,311,0
1.0,30.0,0.0,0.0,0.0,2.0,0.0,0.0,0.0,0.0,0.0,0.0,0.0,0.0,0.0,0.0,0.0,0.0,0.0,339175.0,4.5,46,7
1.0,11.0,0.0,0.0,0.0,0.0,0.0,0.0,0.0,0.0,0.0,0.0,0.0,4.0,2.0,0.0,2.0,0.4,0.0,87664.0,5.5,23,14
2.0,77.0,0.0,0.0,0.0,1.0,0.0,0.0,0.0,0.0,0.0,0.0,0.0,28.0,40.8,27.6,11.0,7.9,0.0,24123.0,6.0,287,16
1.0,90.0,0.0,0.0,0.0,3.0,0.0,0.0,0.0,0.0,0.0,0.0,0.0,25.0,21.6,0.2,0.0,2.2,0.0,138741.0,5.5,220,2
5.0,90.0,0.0,1.0,0.0,4.0,0.0,0.0,0.0,0.0,0.0,0.0,0.0,15.0,13.2,19.6,26.0,5.9,-1498.0,25260.0,5.0,131,7
2.0,90.0,0.0,0.0,0.0,3.0,0.0,0.0,0.0,0.0,0.0,0.0,0.0,3.0,12.6,0.3,17.0,3.0,0.0,14565.0,5.0,125,0
1.0,90.0,0.0,0.0,0.0,3.0,0.0,0.0,0.0,0.0,0.0,0.0,0.0,0.0,0.0,0.0,0.0,0.0,0.0,0.0,5.0,277,3
8.0,81.0,1.0,0.0,1.0,0.0,0.0,0.0,0.0,0.0,0.0,0.0,0.0,18.0,19.8,15.8,4.0,4.0,0.0,13748.0,5.5,247,17
1.0,45.0,0.0,0.0,0.0,2.0,0.0,0.0,0.0,0.0,0.0,0.0,0.0,2.0,3.0,0.3,0.0,0.3,30080.0,36405.0,5.0,58,1
2.0,80.0,0.0,0.0,0.0,1.0,0.0,0.0,0.0,0.0,0.0,0.0,0.0,4.0,0.0,0.4,2.0,0.2,0.0,8412.0,5.5,238,14
2.0,84.0,0.0,0.0,0.0,1.0,0.0,0.0,0.0,0.0,0.0,0.0,0.0,3.0,4.4,13.1,21.0,3.9,0.0,279992.0,6.0,318,16
2.0,61.0,0.0,0.0,1.0,0.0,0.0,0.0,0.0,0.0,0.0,0.0,0.0,4.0,0.0,0.4,2.0,0.2,0.0,8412.0,5.5,238,13
1.0,90.0,0.0,0.0,0.0,3.0,0.0,0.0,0.0,0.0,0.0,0.0,0.0,0.0,0.0,0.0,0.0,0.0,0.0,20402.0,5.0,84,18
2.0,90.0,0.0,0.0,0.0,5.0,0.0,0.0,0.0,0.0,0.0,0.0,0.0,0.0,0.0,0.0,0.0,0.0,0.0,8154.0,5.5,96,16
2.0,90.0,0.0,0.0,0.0,1.0,0.0,0.0,0.0,0.0,0.0,0.0,0.0,15.0,16.8,18.5,2.0,3.7,0.0,87171.0,5.0,246,2
8.0,90.0,1.0,0.0,1.0,0.0,0.0,0.0,0.0,0.0,0.0,0.0,0.0,9.0,15.8,23.0,35.0,7.4,0.0,120632.0,5.5,137,14
8.0,81.0,1.0,0.0,1.0,0.0,0.0,0.0,0.0,0.0,0.0,0.0,2.0,0.0,0.0,0.0,0.0,0.0,-2789.0,6993.0,6.0,49,14
1.0,90.0,0.0,0.0,0.0,2.0,0.0,0.0,0.0,0.0,0.0,0.0,0.0,8.0,9.6,0.6,0.0,1.0,0.0,19684.0,4.5,17,7
1.0,90.0,0.0,0.0,0.0,2.0,0.0,0.0,0.0,1.0,0.0,0.0,0.0,13.0,9.8,21.8,0.0,3.2,0.0,38334.0,5.0,37,16
2.0,90.0,0.0,0.0,0.0,1.0,0.0,0.0,0.0,0.0,0.0,1.0,0.0,29.0,14.0,0.0,0.0,1.4,0.0,400285.0,5.0,314,5
7.0,36.0,1.0,0.0,0.0,1.0,0.0,0.0,0.0,0.0,0.0,0.0,0.0,0.0,0.0,0.0,0.0,0.0,0.0,7325.0,4.5,84,13
1.0,58.0,0.0,0.0,0.0,1.0,0.0,0.0,0.0,0.0,0.0,0.0,0.0,10.0,5.8,7.2,38.0,5.1,0.0,248434.0,9.5,326,2
2.0,90.0,0.0,0.0,0.0,4.0,0.0,0.0,0.0,0.0,0.0,0.0,0.0,6.0,4.8,36.4,19.0,6.0,-823.0,34888.0,5.5,268,7
2.0,90.0,0.0,0.0,0.0,1.0,0.0,0.0,0.0,0.0,0.0,0.0,0.0,6.0,6.2,11.5,12.0,3.0,0.0,5791.0,4.5,154,4
0.0,90.0,0.0,0.0,0.0,4.0,0.0,0.0,0.0,0.0,0.0,0.0,0.0,14.0,14.8,11.8,1.0,2.8,0.0,187445.0,4.5,112,6
9.0,82.0,0.0,0.0,1.0,0.0,0.0,0.0,0.0,0.0,0.0,0.0,3.0,0.0,0.0,0.0,0.0,0.0,0.0,22681.0,4.5,20,15
2.0,90.0,0.0,0.0,0.0,1.0,0.0,0.0,0.0,0.0,0.0,0.0,0.0,10.0,5.8,7.2,38.0,5.1,0.0,248434.0,9.5,326,8
2.0,90.0,0.0,0.0,0.0,1.0,0.0,0.0,0.0,0.0,0.0,0.0,0.0,9.0,13.6,28.6,9.0,5.1,0.0,518922.0,7.0,283,0
3.0,90.0,0.0,1.0,0.0,3.0,0.0,0.0,0.0,1.0,0.0,0.0,0.0,6.0,6.2,11.5,12.0,3.0,0.0,5791.0,4.5,154,9
1.0,90.0,0.0,0.0,0.0,2.0,0.0,0.0,0.0,0.0,0.0,0.0,0.0,14.0,11.4,1.5,2.0,1.5,0.0,135308.0,5.0,65,16
3.0,90.0,0.0,0.0,1.0,0.0,0.0,0.0,0.0,0.0,0.0,0.0,0.0,11.0,10.4,23.2,9.0,4.3,-224.0,2586.0,5.0,140,8
2.0,90.0,0.0,0.0,0.0,3.0,0.0,0.0,0.0,0.0,0.0,3.0,0.0,29.0,14.0,0.0,0.0,1.4,0.0,400285.0,5.0,314,0
1.0,90.0,0.0,0.0,0.0,1.0,0.0,0.0,0.0,1.0,0.0,0.0,0.0,13.0,18.6,4.2,0.0,2.3,0.0,269424.0,4.5,235,2
2.0,90.0,0.0,0.0,0.0,1.0,0.0,0.0,0.0,0.0,0.0,0.0,0.0,0.0,0.0,0.0,0.0,0.0,0.0,10789.0,6.0,167,15
5.0,90.0,0.0,1.0,0.0,1.0,0.0,0.0,0.0,0.0,0.0,0.0,0.0,17.0,22.2,14.7,29.0,6.6,70648.0,322864.0,11.5,331,9
2.0,81.0,0.0,0.0,1.0,0.0,0.0,0.0,0.0,0.0,0.0,0.0,0.0,24.0,37.2,1.1,44.0,8.2,-10246.0,139905.0,6.5,259,0
3.0,80.0,0.0,0.0,1.0,0.0,0.0,0.0,0.0,0.0,0.0,0.0,0.0,2.0,0.0,1.3,0.0,0.0,0.0,10507.0,6.0,178,19
1.0,90.0,0.0,0.0,0.0,1.0,0.0,0.0,0.0,1.0,0.0,0.0,0.0,0.0,0.0,0.0,0.0,0.0,0.0,1369.0,4.5,223,19
8.0,90.0,1.0,0.0,0.0,1.0,0.0,0.0,0.0,0.0,0.0,0.0,0.0,14.0,14.8,4.6,4.0,2.3,11004.0,276468.0,5.5,122,11
1.0,28.0,0.0,0.0,0.0,0.0,0.0,0.0,0.0,0.0,0.0,0.0,0.0,-3.0,0.0,1.3,2.0,0.1,0.0,13584.0,5.5,158,4
2.0,90.0,0.0,0.0,0.0,1.0,0.0,0.0,0.0,0.0,0.0,0.0,0.0,0.0,0.0,0.0,0.0,0.0,0.0,824870.0,4.0,84,8
2.0,90.0,0.0,0.0,0.0,4.0,0.0,0.0,0.0,0.0,0.0,0.0,0.0,28.0,40.0,0.5,27.0,6.8,0.0,226666.0,5.5,353,5
2.0,90.0,0.0,0.0,0.0,1.0,0.0,0.0,0.0,0.0,0.0,0.0,0.0,0.0,0.0,0.0,0.0,0.0,0.0,72270.0,5.5,349,6
7.0,90.0,0.0,0.0,1.0,0.0,0.0,0.0,0.0,1.0,0.0,0.0,2.0,37.0,51.8,0.3,33.0,8.5,0.0,85593.0,5.0,286,4
2.0,84.0,0.0,0.0,1.0,0.0,0.0,0.0,0.0,1.0,0.0,0.0,0.0,4.0,2.8,12.3,0.0,1.5,0.0,81625.0,7.0,266,8
10.0,90.0,0.0,1.0,1.0,0.0,0.0,0.0,0.0,0.0,0.0,0.0,1.0,28.0,20.6,1.2,0.0,2.2,0.0,71148.0,4.5,147,18
2.0,72.0,0.0,0.0,0.0,3.0,0.0,0.0,0.0,0.0,0.0,0.0,0.0,0.0,0.0,0.0,0.0,0.0,-2789.0,6993.0,6.0,49,9
1.0,45.0,0.0,0.0,0.0,1.0,0.0,0.0,0.0,0.0,0.0,0.0,0.0,0.0,0.0,0.0,0.0,0.0,-37798.0,235327.0,10.5,39,10
1.0,22.0,0.0,0.0,0.0,0.0,0.0,0.0,0.0,0.0,0.0,0.0,0.0,42.0,85.2,71.6,64.0,22.1,344561.0,2063222.0,11.5,354,10
2.0,90.0,0.0,0.0,0.0,4.0,0.0,0.0,0.0,0.0,0.0,0.0,0.0,4.0,5.6,10.3,0.0,1.6,0.0,158296.0,5.5,155,10
2.0,71.0,0.0,0.0,0.0,1.0,0.0,0.0,0.0,0.0,0.0,0.0,0.0,16.0,14.2,0.8,0.0,1.5,0.0,103827.0,4.5,144,19
1.0,1.0,0.0,0.0,0.0,0.0,0.0,0.0,0.0,0.0,0.0,0.0,0.0,15.0,20.2,35.5,36.0,9.2,0.0,155868.0,5.0,229,9
8.0,90.0,1.0,0.0,1.0,0.0,0.0,0.0,0.0,0.0,0.0,0.0,2.0,28.0,40.0,0.5,27.0,6.8,0.0,226666.0,5.5,353,15
2.0,90.0,0.0,0.0,0.0,1.0,0.0,0.0,0.0,0.0,0.0,0.0,0.0,25.0,12.8,2.5,2.0,1.7,0.0,686005.0,5.5,222,15
5.0,90.0,0.0,1.0,1.0,0.0,0.0,0.0,0.0,0.0,0.0,0.0,0.0,28.0,47.0,13.8,45.0,10.6,29514.0,153900.0,9.5,299,15
3.0,90.0,0.0,0.0,0.0,2.0,0.0,0.0,0.0,0.0,0.0,0.0,2.0,15.0,12.8,7.8,2.0,2.3,20945.0,111268.0,5.0,162,5
9.0,90.0,1.0,0.0,1.0,0.0,0.0,0.0,0.0,0.0,0.0,0.0,1.0,7.0,12.4,21.6,46.0,8.0,0.0,367903.0,5.0,324,17
2.0,90.0,0.0,0.0,1.0,0.0,0.0,0.0,0.0,0.0,0.0,0.0,0.0,0.0,0.0,0.0,0.0,0.0,680.0,876.0,5.5,329,17
1.0,24.0,0.0,0.0,0.0,0.0,0.0,0.0,0.0,0.0,0.0,0.0,0.0,0.0,0.0,0.0,0.0,0.0,0.0,7235.0,5.5,48,10
0.0,62.0,0.0,0.0,0.0,1.0,1.0,0.0,0.0,0.0,0.0,0.0,0.0,11.0,8.8,11.3,0.0,2.0,0.0,10809.0,5.0,16,13
1.0,1.0,0.0,0.0,0.0,0.0,0.0,0.0,0.0,0.0,0.0,0.0,0.0,37.0,46.4,18.8,23.0,8.8,20071.0,279640.0,6.5,267,11
2.0,90.0,0.0,0.0,1.0,0.0,0.0,0.0,0.0,1.0,0.0,0.0,0.0,6.0,4.8,36.4,19.0,6.0,-823.0,34888.0,5.5,268,19
6.0,90.0,0.0,0.0,1.0,0.0,0.0,0.0,0.0,0.0,0.0,0.0,0.0,0.0,0.0,0.0,0.0,0.0,12224.0,16303.0,5.0,274,10
2.0,90.0,0.0,0.0,0.0,3.0,0.0,0.0,0.0,0.0,0.0,0.0,0.0,16.0,15.4,18.2,20.0,5.4,0.0,2728.0,5.0,265,14
5.0,80.0,0.0,1.0,0.0,1.0,0.0,0.0,0.0,0.0,0.0,0.0,0.0,-7.0,9.2,0.8,19.0,2.9,0.0,403544.0,6.0,138,4
2.0,90.0,0.0,0.0,0.0,1.0,0.0,0.0,0.0,0.0,0.0,0.0,0.0,8.0,15.4,5.0,0.0,2.0,0.0,66864.0,5.0,148,11
1.0,90.0,0.0,0.0,0.0,3.0,0.0,0.0,0.0,0.0,0.0,0.0,0.0,11.0,22.8,10.2,6.0,3.9,-563.0,15118.0,4.5,115,11
5.0,90.0,0.0,0.0,1.0,0.0,0.0,0.0,0.0,1.0,0.0,0.0,0.0,0.0,0.0,0.0,0.0,0.0,-388.0,5448.0,4.5,84,18
2.0,83.0,0.0,0.0,1.0,0.0,0.0,0.0,0.0,0.0,0.0,0.0,0.0,5.0,1.8,12.4,12.0,2.6,0.0,0.0,6.0,177,1
1.0,90.0,0.0,0.0,0.0,1.0,0.0,0.0,0.0,1.0,0.0,0.0,0.0,14.0,11.4,3.4,6.0,2.1,29089.0,36150.0,5.5,187,9
13.0,90.0,1.0,0.0,1.0,0.0,0.0,0.0,0.0,0.0,0.0,0.0,1.0,12.0,17.0,11.2,2.0,3.0,0.0,166187.0,5.5,205,12
11.0,90.0,1.0,0.0,0.0,1.0,0.0,0.0,0.0,0.0,0.0,0.0,3.0,27.0,23.2,0.4,1.0,2.5,0.0,54492.0,5.5,269,8
2.0,90.0,0.0,0.0,0.0,2.0,0.0,0.0,0.0,0.0,0.0,4.0,0.0,0.0,0.0,0.0,0.0,0.0,0.0,71203.0,4.5,293,2
9.0,90.0,1.0,0.0,0.0,1.0,0.0,0.0,0.0,0.0,0.0,0.0,2.0,26.0,28.4,33.7,2.0,6.4,0.0,16534.0,6.0,202,4
1.0,90.0,0.0,0.0,0.0,1.0,0.0,0.0,0.0,1.0,0.0,0.0,0.0,8.0,2.0,2.3,0.0,0.4,0.0,10287.0,5.5,12,14
-1.0,90.0,0.0,0.0,0.0,3.0,1.0,0.0,0.0,0.0,0.0,0.0,0.0,0.0,0.0,0.0,0.0,0.0,0.0,62607.0,5.5,79,10
2.0,68.0,0.0,0.0,0.0,3.0,0.0,0.0,0.0,0.0,0.0,0.0,0.0,0.0,0.0,0.0,0.0,0.0,0.0,76220.0,4.5,34,6
8.0,90.0,1.0,0.0,0.0,3.0,0.0,0.0,0.0,0.0,0.0,0.0,2.0,1.0,0.0,1.0,8.0,0.7,0.0,102974.0,6.5,188,4
7.0,90.0,0.0,0.0,1.0,0.0,0.0,0.0,0.0,0.0,0.0,0.0,1.0,11.0,10.4,11.2,0.0,2.2,0.0,70232.0,5.0,327,14
6.0,90.0,0.0,0.0,1.0,0.0,0.0,0.0,0.0,0.0,0.0,0.0,0.0,25.0,12.8,2.5,2.0,1.7,0.0,686005.0,5.5,222,4
2.0,90.0,0.0,0.0,0.0,1.0,0.0,0.0,0.0,0.0,0.0,0.0,0.0,13.0,8.4,3.8,5.0,1.7,0.0,269810.0,4.5,118,19
1.0,21.0,0.0,0.0,0.0,2.0,0.0,0.0,0.0,0.0,0.0,0.0,0.0,0.0,0.0,0.0,0.0,0.0,0.0,121096.0,6.0,141,3
1.0,27.0,0.0,0.0,0.0,1.0,0.0,0.0,0.0,0.0,0.0,0.0,0.0,2.0,0.4,3.3,2.0,0.6,0.0,83611.0,7.5,114,14
4.0,23.0,0.0,1.0,0.0,0.0,0.0,0.0,0.0,0.0,0.0,0.0,0.0,37.0,46.4,18.8,23.0,8.8,20071.0,279640.0,6.5,267,15
2.0,90.0,0.0,0.0,0.0,1.0,0.0,0.0,0.0,0.0,0.0,0.0,0.0,20.0,23.4,19.6,4.0,4.7,0.0,766431.0,7.0,305,17
2.0,90.0,0.0,0.0,0.0,1.0,0.0,0.0,0.0,0.0,0.0,0.0,0.0,4.0,8.8,0.8,6.0,1.6,0.0,1006715.0,5.0,3,17
0.0,25.0,0.0,0.0,0.0,0.0,0.0,0.0,0.0,1.0,0.0,0.0,0.0,12.0,16.8,0.6,0.0,1.7,0.0,19305.0,4.5,84,11
2.0,90.0,0.0,0.0,0.0,1.0,0.0,0.0,0.0,0.0,0.0,2.0,0.0,12.0,10.4,0.0,0.0,1.0,0.0,132136.0,5.0,84,13
8.0,71.0,1.0,0.0,0.0,1.0,0.0,0.0,0.0,1.0,0.0,0.0,3.0,0.0,0.0,0.0,0.0,0.0,0.0,75648.0,7.0,101,0
11.0,90.0,0.0,2.0,1.0,0.0,0.0,0.0,0.0,0.0,0.0,0.0,2.0,0.0,0.0,0.0,0.0,0.0,0.0,12449.0,5.5,28,5
1.0,90.0,0.0,0.0,0.0,2.0,0.0,0.0,0.0,0.0,0.0,0.0,0.0,0.0,0.0,0.0,0.0,0.0,0.0,0.0,5.0,277,6
6.0,90.0,0.0,0.0,1.0,0.0,0.0,0.0,0.0,0.0,0.0,0.0,0.0,14.0,11.4,3.4,6.0,2.1,29089.0,36150.0,5.5,187,12
1.0,7.0,0.0,0.0,0.0,0.0,0.0,0.0,0.0,0.0,0.0,0.0,0.0,4.0,2.6,0.3,0.0,0.3,0.0,10256.0,6.0,228,10
1.0,90.0,0.0,0.0,0.0,2.0,0.0,0.0,0.0,0.0,0.0,1.0,0.0,29.0,14.0,0.0,0.0,1.4,0.0,400285.0,5.0,314,1
1.0,42.0,0.0,0.0,0.0,0.0,0.0,0.0,0.0,0.0,0.0,0.0,0.0,-7.0,9.2,0.8,19.0,2.9,0.0,403544.0,6.0,138,19
14.0,85.0,1.0,1.0,1.0,0.0,0.0,0.0,0.0,0.0,0.0,0.0,3.0,37.0,46.4,18.8,23.0,8.8,20071.0,279640.0,6.5,267,9
7.0,90.0,0.0,0.0,1.0,0.0,0.0,0.0,0.0,0.0,0.0,3.0,0.0,26.0,27.0,0.0,0.0,2.7,0.0,13715.0,5.0,213,10
3.0,90.0,0.0,0.0,1.0,0.0,0.0,0.0,0.0,0.0,0.0,0.0,0.0,11.0,6.8,17.2,21.0,4.5,0.0,42909.0,5.5,132,13
6.0,90.0,0.0,0.0,1.0,0.0,0.0,0.0,0.0,0.0,0.0,0.0,0.0,21.0,19.2,24.8,0.0,4.4,260.0,326.0,4.5,291,19
2.0,90.0,0.0,0.0,0.0,1.0,0.0,0.0,0.0,0.0,0.0,0.0,0.0,11.0,22.8,10.2,6.0,3.9,-563.0,15118.0,4.5,115,7
1.0,1.0,0.0,0.0,0.0,0.0,0.0,0.0,0.0,0.0,0.0,0.0,0.0,0.0,0.0,0.0,0.0,0.0,0.0,9364.0,6.0,84,12
7.0,90.0,1.0,0.0,0.0,2.0,0.0,0.0,0.0,0.0,0.0,0.0,0.0,11.0,8.2,31.3,10.0,5.0,111651.0,445991.0,9.5,339,13
6.0,90.0,0.0,0.0,1.0,0.0,0.0,0.0,0.0,0.0,0.0,0.0,0.0,14.0,14.8,11.8,1.0,2.8,0.0,187445.0,4.5,112,11
1.0,33.0,0.0,0.0,0.0,2.0,0.0,0.0,0.0,0.0,0.0,0.0,0.0,0.0,0.0,0.0,0.0,0.0,0.0,20257.0,4.5,11,9
6.0,90.0,0.0,0.0,1.0,0.0,0.0,0.0,0.0,0.0,0.0,0.0,0.0,35.0,31.8,12.7,6.0,5.1,-3793.0,94974.0,5.0,310,15
2.0,90.0,0.0,0.0,0.0,1.0,0.0,0.0,0.0,0.0,0.0,0.0,0.0,14.0,14.8,4.6,4.0,2.3,11004.0,276468.0,5.5,122,6
2.0,89.0,0.0,0.0,0.0,1.0,0.0,0.0,0.0,0.0,0.0,0.0,0.0,11.0,8.8,11.3,0.0,2.0,0.0,10809.0,5.0,16,1
2.0,74.0,0.0,0.0,0.0,3.0,0.0,0.0,0.0,0.0,0.0,0.0,0.0,3.0,8.2,3.1,0.0,1.1,0.0,11895.0,5.0,84,8
1.0,28.0,0.0,0.0,0.0,2.0,0.0,0.0,0.0,0.0,0.0,0.0,0.0,0.0,0.0,0.0,0.0,0.0,0.0,75604.0,5.5,97,10
6.0,90.0,0.0,0.0,1.0,0.0,0.0,0.0,0.0,0.0,0.0,0.0,0.0,13.0,19.8,0.5,8.0,2.8,6169.0,7762.0,5.5,260,17
5.0,90.0,0.0,1.0,0.0,1.0,0.0,0.0,0.0,0.0,0.0,0.0,0.0,0.0,0.0,0.0,0.0,0.0,-392.0,64092.0,5.5,346,10
5.0,90.0,0.0,1.0,1.0,0.0,0.0,0.0,0.0,0.0,0.0,0.0,0.0,7.0,8.0,22.5,21.0,5.2,0.0,894557.0,10.5,361,15
6.0,23.0,1.0,0.0,0.0,2.0,0.0,0.0,0.0,0.0,0.0,0.0,0.0,19.0,36.2,3.3,23.0,6.3,23767.0,247988.0,7.0,22,16
1.0,12.0,0.0,0.0,0.0,1.0,0.0,0.0,0.0,0.0,0.0,0.0,0.0,4.0,7.2,11.2,8.0,2.6,0.0,26389.0,6.0,166,14
2.0,73.0,0.0,0.0,0.0,1.0,0.0,0.0,0.0,0.0,0.0,0.0,0.0,41.0,67.0,13.4,23.0,10.3,0.0,6679.0,5.0,294,1
2.0,90.0,0.0,0.0,0.0,5.0,0.0,0.0,0.0,0.0,0.0,0.0,0.0,3.0,1.0,0.3,0.0,0.1,0.0,7807.0,5.0,64,12
1.0,20.0,0.0,0.0,0.0,1.0,0.0,0.0,0.0,0.0,0.0,0.0,0.0,0.0,0.0,0.0,0.0,0.0,0.0,3939.0,5.5,232,18
1.0,90.0,0.0,0.0,0.0,3.0,0.0,0.0,0.0,1.0,0.0,0.0,0.0,19.0,23.2,29.8,0.0,5.3,-5200.0,54426.0,6.0,184,11
2.0,90.0,0.0,0.0,0.0,4.0,0.0,0.0,0.0,0.0,0.0,0.0,0.0,18.0,25.6,14.9,6.0,4.7,0.0,18135.0,5.5,347,5
2.0,90.0,0.0,0.0,0.0,1.0,0.0,0.0,0.0,0.0,0.0,0.0,0.0,7.0,8.6,18.0,0.0,2.7,0.0,10068.0,5.0,95,12
5.0,90.0,0.0,1.0,0.0,3.0,0.0,0.0,0.0,0.0,0.0,0.0,0.0,8.0,8.4,14.8,0.0,2.3,0.0,755977.0,8.5,128,18
0.0,90.0,0.0,0.0,0.0,4.0,0.0,0.0,0.0,0.0,0.0,0.0,0.0,15.0,35.6,4.3,0.0,4.0,0.0,237865.0,4.5,185,3
1.0,9.0,0.0,0.0,0.0,0.0,0.0,0.0,0.0,0.0,0.0,0.0,0.0,2.0,0.0,0.3,0.0,0.0,-2600.0,79393.0,7.0,135,14
2.0,76.0,0.0,0.0,0.0,1.0,0.0,0.0,0.0,0.0,0.0,0.0,0.0,4.0,2.2,3.2,0.0,0.5,0.0,23808.0,4.5,84,16
2.0,64.0,0.0,0.0,0.0,1.0,0.0,0.0,0.0,0.0,0.0,0.0,0.0,7.0,15.6,6.8,16.0,3.8,15876.0,141119.0,8.0,218,13
3.0,90.0,0.0,0.0,1.0,0.0,0.0,0.0,0.0,0.0,0.0,0.0,0.0,6.0,6.8,27.2,2.0,3.6,0.0,78657.0,6.5,98,15
7.0,90.0,0.0,0.0,1.0,0.0,0.0,0.0,0.0,0.0,0.0,0.0,1.0,12.0,23.8,6.3,12.0,4.2,5851.0,356412.0,6.0,343,8
16.0,90.0,2.0,1.0,1.0,0.0,0.0,0.0,0.0,0.0,0.0,0.0,3.0,1.0,0.0,1.0,8.0,0.7,0.0,102974.0,6.5,188,11
3.0,66.0,0.0,0.0,1.0,0.0,0.0,0.0,0.0,0.0,0.0,0.0,0.0,0.0,0.0,0.0,0.0,0.0,0.0,10789.0,6.0,167,12
2.0,90.0,0.0,0.0,0.0,2.0,0.0,0.0,0.0,0.0,0.0,0.0,0.0,6.0,4.8,36.4,19.0,6.0,-823.0,34888.0,5.5,268,4
1.0,22.0,0.0,0.0,0.0,1.0,0.0,0.0,0.0,0.0,0.0,0.0,0.0,0.0,0.0,0.0,0.0,0.0,-1061.0,5338.0,5.5,84,11
6.0,78.0,1.0,0.0,0.0,1.0,0.0,0.0,0.0,0.0,0.0,0.0,0.0,0.0,0.0,0.0,0.0,0.0,0.0,75648.0,7.0,101,12
2.0,90.0,0.0,0.0,0.0,1.0,0.0,0.0,0.0,0.0,0.0,0.0,0.0,20.0,23.4,19.6,4.0,4.7,0.0,766431.0,7.0,305,13
6.0,90.0,0.0,0.0,1.0,0.0,0.0,0.0,0.0,0.0,0.0,0.0,0.0,13.0,19.8,0.5,8.0,2.8,6169.0,7762.0,5.5,260,19
2.0,65.0,0.0,0.0,0.0,1.0,0.0,0.0,0.0,0.0,0.0,0.0,0.0,28.0,40.8,27.6,11.0,7.9,0.0,24123.0,6.0,287,3
-1.0,90.0,0.0,0.0,0.0,1.0,0.0,0.0,0.0,0.0,1.0,0.0,0.0,16.0,20.4,1.2,7.0,2.9,0.0,531265.0,5.0,239,16
7.0,90.0,0.0,0.0,1.0,0.0,0.0,0.0,0.0,0.0,0.0,0.0,1.0,0.0,0.0,0.0,0.0,0.0,0.0,179186.0,5.5,297,4
1.0,90.0,0.0,0.0,0.0,3.0,0.0,0.0,0.0,0.0,0.0,0.0,0.0,11.0,10.4,11.2,0.0,2.2,0.0,70232.0,5.0,327,9
1.0,25.0,0.0,0.0,0.0,1.0,0.0,0.0,0.0,0.0,0.0,0.0,0.0,0.0,0.0,0.0,0.0,0.0,0.0,7504.0,5.0,9,9
2.0,90.0,0.0,0.0,0.0,1.0,0.0,0.0,0.0,0.0,0.0,0.0,0.0,0.0,0.0,0.0,0.0,0.0,0.0,11161.0,4.5,159,13
1.0,5.0,0.0,0.0,0.0,0.0,0.0,0.0,0.0,0.0,0.0,0.0,0.0,3.0,0.4,0.5,2.0,0.3,0.0,469354.0,6.0,242,13
5.0,65.0,0.0,1.0,0.0,2.0,0.0,0.0,0.0,0.0,0.0,0.0,0.0,0.0,0.0,0.0,0.0,0.0,0.0,10789.0,6.0,167,13
2.0,90.0,0.0,0.0,0.0,1.0,0.0,0.0,0.0,0.0,0.0,0.0,0.0,0.0,0.0,0.0,0.0,0.0,91.0,232.0,4.5,236,5
6.0,90.0,0.0,0.0,1.0,0.0,0.0,0.0,0.0,0.0,0.0,0.0,0.0,0.0,0.0,0.0,0.0,0.0,0.0,0.0,5.0,277,13
15.0,45.0,2.0,1.0,0.0,0.0,0.0,0.0,0.0,0.0,0.0,0.0,3.0,0.0,0.0,0.0,0.0,0.0,24237.0,27586.0,8.0,110,7
10.0,90.0,0.0,1.0,1.0,0.0,0.0,0.0,0.0,0.0,0.0,0.0,1.0,35.0,31.8,12.7,6.0,5.1,-3793.0,94974.0,5.0,310,19
1.0,80.0,0.0,0.0,0.0,2.0,0.0,0.0,0.0,0.0,0.0,0.0,0.0,16.0,14.2,0.8,0.0,1.5,0.0,103827.0,4.5,144,7
1.0,12.0,0.0,0.0,0.0,1.0,0.0,0.0,0.0,0.0,0.0,0.0,0.0,0.0,0.0,0.0,0.0,0.0,0.0,14946.0,6.0,296,13
6.0,90.0,0.0,0.0,1.0,0.0,0.0,0.0,0.0,0.0,0.0,0.0,0.0,0.0,0.0,0.0,0.0,0.0,0.0,133067.0,5.0,84,11
3.0,90.0,0.0,0.0,0.0,2.0,0.0,0.0,0.0,0.0,0.0,8.0,0.0,0.0,0.0,0.0,0.0,0.0,0.0,71203.0,4.5,293,16
0.0,90.0,0.0,0.0,0.0,2.0,0.0,0.0,0.0,1.0,0.0,0.0,0.0,13.0,13.2,6.9,6.0,2.6,0.0,340758.0,5.5,38,3
6.0,90.0,0.0,0.0,1.0,0.0,0.0,0.0,0.0,0.0,0.0,0.0,0.0,18.0,0.8,11.0,2.0,1.4,-2667.0,59892.0,4.5,217,16
1.0,7.0,0.0,0.0,0.0,1.0,0.0,0.0,0.0,0.0,0.0,0.0,0.0,12.0,12.8,2.0,0.0,1.5,0.0,5941.0,5.0,69,6
2.0,90.0,0.0,0.0,0.0,1.0,0.0,0.0,0.0,0.0,0.0,0.0,0.0,20.0,23.4,19.6,4.0,4.7,0.0,766431.0,7.0,305,18
3.0,90.0,0.0,0.0,0.0,1.0,0.0,0.0,0.0,0.0,0.0,3.0,0.0,12.0,11.6,0.0,0.0,1.2,0.0,1121565.0,4.5,93,0
0.0,90.0,0.0,0.0,0.0,5.0,0.0,0.0,0.0,0.0,0.0,1.0,0.0,17.0,22.6,0.0,0.0,2.3,0.0,1400435.0,4.5,336,1
2.0,90.0,0.0,0.0,0.0,1.0,0.0,0.0,0.0,0.0,0.0,0.0,0.0,12.0,23.8,6.3,12.0,4.2,5851.0,356412.0,6.0,343,14
6.0,90.0,0.0,0.0,1.0,0.0,0.0,0.0,0.0,0.0,0.0,1.0,0.0,12.0,11.6,0.0,0.0,1.2,0.0,1121565.0,4.5,93,15
2.0,90.0,0.0,0.0,1.0,0.0,0.0,0.0,0.0,0.0,0.0,0.0,0.0,1.0,0.0,1.0,8.0,0.7,0.0,102974.0,6.5,188,15
1.0,90.0,0.0,0.0,0.0,2.0,0.0,0.0,0.0,0.0,0.0,0.0,0.0,21.0,21.8,0.3,0.0,2.2,0.0,219489.0,4.5,89,7
7.0,90.0,1.0,0.0,0.0,5.0,0.0,0.0,0.0,1.0,0.0,0.0,1.0,0.0,0.0,0.0,0.0,0.0,211.0,329.0,5.5,196,16
12.0,90.0,2.0,0.0,1.0,0.0,0.0,0.0,0.0,0.0,0.0,0.0,2.0,29.0,38.6,12.7,48.0,9.9,0.0,196064.0,8.5,231,18
1.0,20.0,0.0,0.0,0.0,0.0,0.0,0.0,0.0,0.0,0.0,0.0,0.0,0.0,0.0,0.0,0.0,0.0,0.0,8154.0,5.5,96,17
2.0,64.0,0.0,0.0,0.0,1.0,0.0,0.0,0.0,0.0,0.0,0.0,0.0,0.0,0.0,0.0,0.0,0.0,0.0,51564.0,4.5,61,2
1.0,1.0,0.0,0.0,0.0,0.0,0.0,0.0,0.0,0.0,0.0,0.0,0.0,4.0,2.0,0.0,0.0,0.2,0.0,8045.0,5.5,117,16
2.0,90.0,0.0,0.0,0.0,2.0,0.0,0.0,0.0,0.0,0.0,0.0,0.0,16.0,18.0,3.4,0.0,2.1,0.0,75335.0,5.5,83,7
5.0,90.0,0.0,1.0,0.0,1.0,0.0,0.0,0.0,0.0,0.0,0.0,0.0,7.0,8.0,22.5,21.0,5.2,0.0,894557.0,10.5,361,11
2.0,90.0,0.0,0.0,0.0,1.0,0.0,0.0,0.0,0.0,0.0,0.0,0.0,34.0,63.4,0.2,38.0,10.2,0.0,177607.0,5.0,345,0
2.0,90.0,0.0,0.0,0.0,1.0,0.0,0.0,0.0,0.0,0.0,2.0,0.0,23.0,11.2,0.0,0.0,1.1,0.0,375930.0,5.5,250,9
6.0,90.0,0.0,0.0,1.0,0.0,0.0,0.0,0.0,0.0,0.0,0.0,0.0,0.0,0.0,0.0,0.0,0.0,-439.0,11308.0,4.5,206,0
0.0,45.0,0.0,0.0,0.0,2.0,0.0,0.0,0.0,0.0,0.0,0.0,0.0,0.0,0.0,0.0,0.0,0.0,0.0,21251.0,5.0,84,3
3.0,90.0,0.0,0.0,1.0,0.0,0.0,0.0,0.0,0.0,0.0,0.0,0.0,24.0,36.4,24.6,1.0,6.2,0.0,138291.0,5.0,157,15
1.0,63.0,0.0,0.0,0.0,2.0,0.0,0.0,0.0,0.0,0.0,0.0,0.0,0.0,0.0,0.0,0.0,0.0,0.0,236728.0,5.5,282,5
8.0,66.0,1.0,0.0,1.0,0.0,0.0,0.0,0.0,0.0,0.0,0.0,0.0,2.0,0.0,0.3,0.0,0.0,-2600.0,79393.0,7.0,135,15
1.0,24.0,0.0,0.0,0.0,0.0,0.0,0.0,0.0,0.0,0.0,0.0,0.0,17.0,26.2,13.8,67.0,10.7,0.0,583310.0,8.0,344,13
1.0,1.0,0.0,0.0,0.0,0.0,0.0,0.0,0.0,0.0,0.0,0.0,0.0,0.0,0.0,0.0,0.0,0.0,0.0,69564.0,5.5,26,10
2.0,62.0,0.0,0.0,0.0,1.0,0.0,0.0,0.0,0.0,0.0,0.0,0.0,10.0,10.2,36.0,14.0,6.0,0.0,33140.0,6.0,66,0
8.0,90.0,1.0,0.0,0.0,3.0,0.0,0.0,0.0,0.0,0.0,0.0,1.0,0.0,0.0,0.0,0.0,0.0,0.0,10689.0,6.0,8,4
1.0,8.0,0.0,0.0,0.0,2.0,0.0,0.0,0.0,0.0,0.0,0.0,0.0,0.0,0.0,0.0,0.0,0.0,0.0,121096.0,6.0,141,11
6.0,90.0,0.0,0.0,1.0,0.0,0.0,0.0,0.0,0.0,0.0,0.0,0.0,19.0,17.6,10.4,4.0,3.2,0.0,36388.0,4.5,325,11
2.0,90.0,0.0,0.0,0.0,1.0,0.0,0.0,0.0,0.0,0.0,0.0,0.0,7.0,8.6,18.0,0.0,2.7,0.0,10068.0,5.0,95,2
6.0,90.0,0.0,0.0,1.0,0.0,0.0,0.0,0.0,0.0,0.0,1.0,0.0,20.0,17.8,0.0,0.0,1.8,0.0,55373.0,4.5,308,18
0.0,71.0,0.0,0.0,0.0,1.0,0.0,0.0,1.0,0.0,0.0,0.0,0.0,0.0,0.0,0.0,0.0,0.0,0.0,41594.0,6.0,27,16
6.0,90.0,0.0,0.0,1.0,0.0,0.0,0.0,0.0,0.0,0.0,2.0,0.0,12.0,16.6,0.0,0.0,1.7,8554.0,296170.0,5.5,210,2
8.0,90.0,1.0,0.0,0.0,1.0,0.0,0.0,0.0,0.0,0.0,0.0,0.0,0.0,0.0,0.0,0.0,0.0,59156.0,865810.0,5.5,252,11
2.0,82.0,0.0,0.0,1.0,0.0,0.0,0.0,0.0,0.0,0.0,0.0,0.0,4.0,0.0,0.4,2.0,0.2,0.0,8412.0,5.5,238,10
1.0,90.0,0.0,0.0,0.0,3.0,0.0,0.0,0.0,0.0,0.0,0.0,0.0,0.0,0.0,0.0,0.0,0.0,0.0,4560.0,4.5,270,9
2.0,66.0,0.0,0.0,0.0,2.0,0.0,0.0,0.0,0.0,0.0,0.0,0.0,8.0,7.6,2.9,2.0,1.3,0.0,111474.0,6.0,161,5
1.0,68.0,0.0,0.0,0.0,1.0,0.0,0.0,0.0,1.0,0.0,0.0,0.0,31.0,19.4,39.8,0.0,5.9,0.0,76806.0,4.5,77,18
6.0,90.0,0.0,1.0,1.0,0.0,0.0,0.0,0.0,0.0,0.0,0.0,0.0,12.0,7.6,25.3,0.0,3.3,-6566.0,55990.0,5.5,237,8
2.0,90.0,0.0,0.0,0.0,3.0,0.0,0.0,0.0,0.0,0.0,0.0,0.0,4.0,2.6,0.3,0.0,0.3,0.0,10256.0,6.0,228,5
3.0,90.0,0.0,0.0,0.0,2.0,0.0,0.0,0.0,0.0,0.0,6.0,0.0,16.0,31.2,0.0,0.0,3.1,0.0,43295.0,4.5,240,7
1.0,28.0,0.0,0.0,0.0,2.0,0.0,0.0,0.0,0.0,0.0,0.0,0.0,0.0,0.0,0.0,0.0,0.0,0.0,75604.0,5.5,97,3
3.0,80.0,0.0,0.0,1.0,0.0,0.0,0.0,0.0,0.0,0.0,0.0,0.0,2.0,0.0,0.3,0.0,0.0,-2600.0,79393.0,7.0,135,19
3.0,90.0,0.0,0.0,1.0,0.0,0.0,0.0,0.0,0.0,0.0,0.0,0.0,21.0,26.0,37.0,28.0,9.1,-813.0,21842.0,5.0,209,2
5.0,75.0,0.0,1.0,1.0,0.0,0.0,0.0,0.0,0.0,0.0,0.0,0.0,10.0,4.8,11.7,79.0,9.6,0.0,2838333.0,9.5,311,11
2.0,74.0,0.0,0.0,1.0,0.0,0.0,0.0,0.0,0.0,0.0,0.0,0.0,5.0,1.8,12.4,12.0,2.6,0.0,0.0,6.0,177,19
2.0,78.0,0.0,0.0,1.0,0.0,0.0,0.0,0.0,0.0,0.0,0.0,0.0,0.0,0.0,0.0,0.0,0.0,-2789.0,6993.0,6.0,49,19
5.0,90.0,0.0,0.0,1.0,0.0,0.0,0.0,0.0,1.0,0.0,0.0,0.0,28.0,20.6,1.2,0.0,2.2,0.0,71148.0,4.5,147,4
3.0,83.0,0.0,0.0,1.0,0.0,0.0,0.0,0.0,0.0,0.0,0.0,0.0,8.0,18.0,18.3,66.0,10.2,0.0,251556.0,7.0,317,1
6.0,90.0,0.0,0.0,1.0,0.0,0.0,0.0,0.0,0.0,0.0,0.0,0.0,11.0,8.8,1.3,0.0,1.0,0.0,196908.0,4.5,304,11
1.0,11.0,0.0,0.0,0.0,0.0,0.0,0.0,0.0,0.0,0.0,0.0,0.0,1.0,4.2,11.8,7.0,2.3,0.0,17874.0,6.0,313,3
7.0,90.0,0.0,0.0,1.0,0.0,0.0,0.0,0.0,0.0,0.0,0.0,1.0,0.0,0.0,0.0,0.0,0.0,-7386.0,20376.0,5.0,352,8
1.0,90.0,0.0,0.0,0.0,4.0,0.0,0.0,0.0,0.0,0.0,3.0,0.0,20.0,17.8,0.0,0.0,1.8,0.0,55373.0,4.5,308,16
2.0,90.0,0.0,0.0,0.0,1.0,0.0,0.0,0.0,0.0,0.0,0.0,0.0,16.0,14.2,0.8,0.0,1.5,0.0,103827.0,4.5,144,16
3.0,90.0,0.0,0.0,1.0,0.0,0.0,0.0,0.0,0.0,0.0,0.0,0.0,7.0,12.4,21.6,46.0,8.0,0.0,367903.0,5.0,324,5
1.0,16.0,0.0,0.0,0.0,0.0,0.0,0.0,0.0,0.0,0.0,0.0,0.0,3.0,7.0,14.0,48.0,6.9,0.0,21822.0,5.5,153,9
3.0,90.0,0.0,0.0,1.0,0.0,0.0,0.0,0.0,0.0,0.0,0.0,0.0,19.0,23.2,29.8,0.0,5.3,-5200.0,54426.0,6.0,184,16
2.0,90.0,0.0,0.0,0.0,1.0,0.0,0.0,0.0,0.0,0.0,0.0,0.0,11.0,18.6,2.8,4.0,2.5,834.0,128704.0,5.0,173,8
1.0,90.0,0.0,0.0,0.0,3.0,0.0,0.0,0.0,0.0,0.0,0.0,0.0,29.0,25.8,0.1,0.0,2.6,0.0,101537.0,5.0,281,4
3.0,90.0,0.0,0.0,1.0,0.0,0.0,0.0,0.0,0.0,0.0,0.0,0.0,9.0,15.8,23.0,35.0,7.4,0.0,120632.0,5.5,137,9
0.0,90.0,0.0,0.0,0.0,4.0,0.0,0.0,0.0,0.0,0.0,0.0,0.0,2.0,0.2,0.5,0.0,0.1,0.0,21428.0,5.0,75,8
10.0,90.0,0.0,2.0,1.0,0.0,0.0,0.0,0.0,1.0,0.0,0.0,2.0,6.0,4.8,36.4,19.0,6.0,-823.0,34888.0,5.5,268,17
7.0,88.0,0.0,1.0,0.0,1.0,0.0,0.0,0.0,0.0,0.0,0.0,2.0,3.0,4.4,8.8,4.0,1.7,0.0,33257.0,6.0,216,1
6.0,90.0,0.0,1.0,0.0,2.0,0.0,0.0,0.0,0.0,0.0,0.0,1.0,4.0,2.6,0.3,0.0,0.3,0.0,10256.0,6.0,228,1
1.0,9.0,0.0,0.0,0.0,0.0,0.0,0.0,0.0,0.0,0.0,0.0,0.0,2.0,0.8,2.7,8.0,1.2,0.0,64923.0,5.5,272,2
6.0,90.0,1.0,0.0,0.0,2.0,0.0,0.0,0.0,1.0,0.0,0.0,0.0,14.0,13.2,45.5,75.0,13.4,0.0,807314.0,12.0,337,6
2.0,90.0,0.0,0.0,0.0,1.0,0.0,0.0,0.0,0.0,0.0,0.0,0.0,13.0,4.2,1.0,2.0,0.7,0.0,76886.0,5.5,163,1
3.0,90.0,0.0,0.0,1.0,0.0,0.0,0.0,0.0,0.0,0.0,0.0,0.0,41.0,67.0,13.4,23.0,10.3,0.0,6679.0,5.0,294,16
1.0,9.0,0.0,0.0,0.0,0.0,0.0,0.0,0.0,0.0,0.0,0.0,0.0,7.0,1.0,2.7,18.0,2.2,0.0,9467.0,5.0,41,14
2.0,90.0,0.0,0.0,0.0,2.0,0.0,0.0,0.0,0.0,0.0,0.0,0.0,17.0,13.8,6.2,9.0,2.9,0.0,127919.0,6.5,255,17
9.0,90.0,1.0,0.0,0.0,1.0,0.0,0.0,0.0,0.0,0.0,0.0,2.0,14.0,13.2,45.5,75.0,13.4,0.0,807314.0,12.0,337,18
2.0,69.0,0.0,0.0,1.0,0.0,0.0,0.0,0.0,0.0,0.0,0.0,0.0,0.0,0.0,0.0,0.0,0.0,-2789.0,6993.0,6.0,49,13
8.0,90.0,0.0,0.0,1.0,0.0,0.0,0.0,0.0,0.0,0.0,3.0,1.0,26.0,27.0,0.0,0.0,2.7,0.0,13715.0,5.0,213,16
1.0,36.0,0.0,0.0,0.0,0.0,0.0,0.0,0.0,0.0,0.0,0.0,0.0,21.0,10.2,2.8,4.0,1.7,0.0,112927.0,5.0,146,18
1.0,10.0,0.0,0.0,0.0,0.0,0.0,0.0,0.0,0.0,0.0,0.0,0.0,19.0,37.6,0.8,37.0,7.5,0.0,1528505.0,6.5,357,6
0.0,90.0,0.0,0.0,0.0,4.0,0.0,0.0,0.0,0.0,0.0,2.0,0.0,31.0,41.4,0.0,0.0,4.1,0.0,87269.0,5.0,215,9
5.0,90.0,0.0,0.0,1.0,0.0,0.0,0.0,0.0,1.0,0.0,0.0,0.0,0.0,0.0,0.0,0.0,0.0,1337.0,2348.0,4.5,32,19
-2.0,90.0,0.0,0.0,0.0,4.0,1.0,0.0,0.0,0.0,0.0,0.0,0.0,14.0,11.4,3.4,6.0,2.1,29089.0,36150.0,5.5,187,3
0.0,90.0,0.0,0.0,0.0,5.0,0.0,0.0,0.0,0.0,0.0,0.0,0.0,0.0,0.0,0.0,0.0,0.0,-7386.0,20376.0,5.0,352,2
11.0,90.0,2.0,0.0,0.0,5.0,0.0,0.0,0.0,0.0,0.0,0.0,1.0,1.0,8.6,11.2,60.0,8.0,0.0,1467030.0,8.5,322,1
2.0,90.0,0.0,0.0,0.0,1.0,0.0,0.0,0.0,0.0,0.0,0.0,0.0,13.0,19.2,1.0,0.0,2.0,0.0,292725.0,5.5,43,2
1.0,90.0,0.0,0.0,0.0,1.0,0.0,0.0,0.0,1.0,0.0,0.0,0.0,14.0,14.8,11.8,1.0,2.8,0.0,187445.0,4.5,112,18
0.0,90.0,0.0,0.0,0.0,5.0,0.0,0.0,0.0,0.0,0.0,0.0,0.0,8.0,9.6,0.6,0.0,1.0,0.0,19684.0,4.5,17,6
2.0,90.0,0.0,0.0,0.0,1.0,0.0,0.0,0.0,0.0,0.0,0.0,0.0,19.0,37.6,0.8,37.0,7.5,0.0,1528505.0,6.5,357,8
2.0,90.0,0.0,0.0,0.0,3.0,0.0,0.0,0.0,0.0,0.0,0.0,0.0,14.0,12.6,4.5,0.0,1.7,0.0,64140.0,4.5,104,8
2.0,90.0,0.0,0.0,0.0,1.0,0.0,0.0,0.0,0.0,0.0,0.0,0.0,6.0,6.0,28.3,0.0,3.4,0.0,57448.0,6.0,19,17
1.0,90.0,0.0,0.0,0.0,1.0,0.0,0.0,0.0,1.0,0.0,0.0,0.0,22.0,13.2,0.7,0.0,1.4,0.0,105207.0,4.5,300,4
2.0,63.0,0.0,0.0,0.0,2.0,0.0,0.0,0.0,0.0,0.0,0.0,0.0,4.0,1.2,0.8,0.0,0.2,0.0,2432.0,5.0,59,13
1.0,1.0,0.0,0.0,0.0,0.0,0.0,0.0,0.0,0.0,0.0,0.0,0.0,0.0,0.0,0.0,0.0,0.0,0.0,11161.0,4.5,159,19
2.0,90.0,0.0,0.0,0.0,1.0,0.0,0.0,0.0,0.0,0.0,0.0,0.0,29.0,22.0,0.0,0.0,2.2,0.0,556410.0,5.0,191,9
2.0,90.0,0.0,0.0,0.0,5.0,0.0,0.0,0.0,0.0,0.0,0.0,0.0,11.0,8.8,11.3,0.0,2.0,0.0,10809.0,5.0,16,6
7.0,90.0,0.0,0.0,1.0,0.0,0.0,0.0,0.0,0.0,0.0,3.0,0.0,9.0,5.0,0.0,0.0,0.5,0.0,102540.0,5.0,315,14
2.0,90.0,0.0,0.0,0.0,2.0,0.0,0.0,0.0,0.0,0.0,0.0,0.0,15.0,21.6,14.5,8.0,4.4,0.0,305763.0,5.0,164,8
2.0,90.0,0.0,0.0,0.0,1.0,0.0,0.0,0.0,0.0,0.0,0.0,0.0,12.0,7.6,25.3,0.0,3.3,-6566.0,55990.0,5.5,237,1
1.0,90.0,0.0,0.0,0.0,2.0,0.0,0.0,0.0,0.0,0.0,0.0,0.0,15.0,12.8,7.8,2.0,2.3,20945.0,111268.0,5.0,162,13
9.0,90.0,0.0,1.0,1.0,0.0,0.0,0.0,0.0,0.0,0.0,0.0,0.0,2.0,0.0,0.0,0.0,0.0,0.0,30541.0,5.5,189,16
3.0,87.0,0.0,0.0,1.0,0.0,0.0,0.0,0.0,0.0,0.0,0.0,0.0,9.0,6.6,37.8,19.0,6.3,-472.0,89093.0,5.5,193,8
4.0,90.0,0.0,1.0,0.0,2.0,0.0,0.0,0.0,1.0,0.0,0.0,0.0,0.0,0.0,0.0,0.0,0.0,-198.0,18715.0,5.0,74,13
0.0,45.0,0.0,0.0,0.0,2.0,0.0,0.0,0.0,0.0,0.0,1.0,0.0,12.0,16.6,0.0,0.0,1.7,8554.0,296170.0,5.5,210,7
1.0,45.0,0.0,0.0,0.0,2.0,0.0,0.0,0.0,0.0,0.0,0.0,0.0,5.0,7.2,0.0,0.0,0.7,0.0,4908.0,5.0,18,17
3.0,90.0,0.0,0.0,1.0,0.0,0.0,0.0,0.0,0.0,0.0,0.0,0.0,43.0,60.8,23.2,17.0,10.1,0.0,104796.0,5.0,234,4
1.0,2.0,0.0,0.0,0.0,0.0,0.0,0.0,0.0,0.0,0.0,0.0,0.0,8.0,4.4,12.2,0.0,1.7,0.0,143896.0,5.0,25,5
2.0,64.0,0.0,0.0,0.0,3.0,0.0,0.0,0.0,0.0,0.0,0.0,0.0,0.0,0.0,0.3,0.0,0.0,0.0,462199.0,6.0,243,1
2.0,90.0,0.0,0.0,0.0,1.0,0.0,0.0,0.0,0.0,0.0,0.0,0.0,19.0,23.2,29.8,0.0,5.3,-5200.0,54426.0,6.0,184,7
2.0,61.0,0.0,0.0,0.0,1.0,0.0,0.0,0.0,0.0,0.0,0.0,0.0,4.0,1.2,6.0,28.0,3.5,340570.0,1156211.0,9.0,276,10
3.0,85.0,0.0,0.0,1.0,0.0,0.0,0.0,0.0,0.0,0.0,0.0,0.0,6.0,6.8,27.2,2.0,3.6,0.0,78657.0,6.5,98,17
2.0,74.0,0.0,0.0,0.0,2.0,0.0,0.0,0.0,0.0,0.0,0.0,0.0,3.0,4.4,8.8,4.0,1.7,0.0,33257.0,6.0,216,6
6.0,63.0,0.0,1.0,1.0,0.0,0.0,0.0,0.0,0.0,0.0,0.0,0.0,69.0,117.2,50.1,161.0,32.8,0.0,1883241.0,12.0,360,13
3.0,90.0,0.0,0.0,1.0,0.0,0.0,0.0,0.0,0.0,0.0,0.0,0.0,4.0,2.4,4.3,0.0,0.7,0.0,33970.0,5.0,108,9
3.0,90.0,0.0,0.0,1.0,0.0,0.0,0.0,0.0,0.0,0.0,0.0,0.0,4.0,2.6,0.3,0.0,0.3,0.0,10256.0,6.0,228,15
1.0,90.0,0.0,0.0,0.0,1.0,0.0,0.0,0.0,1.0,0.0,0.0,0.0,13.0,1.6,15.7,26.0,4.3,0.0,304826.0,5.5,68,12
1.0,90.0,0.0,0.0,0.0,1.0,0.0,0.0,0.0,1.0,0.0,0.0,0.0,4.0,2.0,0.0,0.0,0.2,0.0,8045.0,5.5,117,10
9.0,90.0,0.0,0.0,1.0,0.0,0.0,0.0,0.0,0.0,0.0,0.0,3.0,0.0,0.0,0.0,0.0,0.0,0.0,108444.0,4.0,103,17
3.0,90.0,0.0,0.0,0.0,1.0,0.0,0.0,0.0,0.0,0.0,3.0,0.0,21.0,12.2,0.0,0.0,1.2,0.0,828679.0,5.5,290,0
1.0,3.0,0.0,0.0,0.0,0.0,0.0,0.0,0.0,0.0,0.0,0.0,0.0,0.0,0.0,0.0,0.0,0.0,0.0,75648.0,7.0,101,19
2.0,70.0,0.0,0.0,0.0,2.0,0.0,0.0,0.0,0.0,0.0,0.0,0.0,4.0,7.2,11.2,8.0,2.6,0.0,26389.0,6.0,166,2
2.0,73.0,0.0,0.0,0.0,1.0,0.0,0.0,0.0,0.0,0.0,0.0,0.0,2.0,2.4,10.7,28.0,4.1,0.0,35853.0,6.5,172,3
1.0,90.0,0.0,0.0,0.0,3.0,0.0,0.0,0.0,0.0,0.0,0.0,0.0,16.0,20.4,1.2,7.0,2.9,0.0,531265.0,5.0,239,9
2.0,70.0,0.0,0.0,0.0,1.0,0.0,0.0,0.0,0.0,0.0,0.0,0.0,18.0,25.6,14.9,6.0,4.7,0.0,18135.0,5.5,347,14
2.0,90.0,0.0,0.0,0.0,1.0,0.0,0.0,0.0,0.0,0.0,0.0,0.0,0.0,0.0,0.0,0.0,0.0,0.0,0.0,5.0,277,19
2.0,63.0,0.0,0.0,0.0,1.0,0.0,0.0,0.0,0.0,0.0,0.0,0.0,35.0,38.6,38.0,38.0,11.5,0.0,473242.0,8.0,262,10
1.0,90.0,0.0,0.0,0.0,3.0,0.0,0.0,0.0,0.0,0.0,0.0,0.0,0.0,0.0,0.0,0.0,0.0,0.0,11269.0,4.5,261,9
1.0,7.0,0.0,0.0,0.0,1.0,0.0,0.0,0.0,0.0,0.0,0.0,0.0,16.0,17.4,49.1,0.0,6.7,0.0,202859.0,5.5,72,11
14.0,90.0,1.0,0.0,1.0,0.0,0.0,0.0,0.0,0.0,0.0,0.0,2.0,2.0,0.0,0.0,0.0,0.0,0.0,30541.0,5.5,189,14
0.0,90.0,0.0,0.0,0.0,4.0,0.0,0.0,0.0,0.0,0.0,0.0,0.0,14.0,23.4,0.2,18.0,4.2,0.0,33230.0,4.5,263,16
6.0,90.0,0.0,0.0,1.0,0.0,0.0,0.0,0.0,0.0,0.0,0.0,0.0,0.0,0.0,0.0,0.0,0.0,0.0,51620.0,4.5,127,19
1.0,16.0,0.0,0.0,0.0,0.0,0.0,0.0,0.0,0.0,0.0,0.0,0.0,2.0,3.6,11.2,13.0,2.8,-3221.0,51558.0,6.0,36,12
1.0,90.0,0.0,0.0,0.0,4.0,0.0,0.0,0.0,0.0,0.0,3.0,0.0,0.0,0.0,0.0,0.0,0.0,0.0,71203.0,4.5,293,12
3.0,80.0,0.0,0.0,1.0,0.0,0.0,0.0,0.0,0.0,0.0,0.0,0.0,6.0,5.2,1.3,4.0,1.1,0.0,115657.0,5.0,100,19
2.0,90.0,0.0,0.0,0.0,3.0,0.0,0.0,0.0,0.0,0.0,0.0,0.0,3.0,3.0,0.3,7.0,1.0,0.0,1435176.0,6.0,179,0
2.0,90.0,0.0,0.0,0.0,2.0,0.0,0.0,0.0,0.0,0.0,0.0,0.0,0.0,0.0,23.4,34.0,5.6,39937.0,104050.0,6.0,335,13
1.0,45.0,0.0,0.0,0.0,0.0,0.0,0.0,0.0,0.0,0.0,0.0,0.0,0.0,0.0,0.0,0.0,0.0,0.0,30923.0,6.5,152,17
1.0,90.0,0.0,0.0,0.0,1.0,0.0,0.0,0.0,1.0,0.0,2.0,0.0,31.0,41.4,0.0,0.0,4.1,0.0,87269.0,5.0,215,17
1.0,24.0,0.0,0.0,0.0,0.0,0.0,0.0,0.0,0.0,0.0,0.0,0.0,28.0,24.0,12.1,7.0,4.3,0.0,41401.0,5.0,134,19
15.0,90.0,1.0,0.0,1.0,0.0,0.0,0.0,0.0,0.0,0.0,0.0,3.0,44.0,47.0,0.3,33.0,8.0,-696.0,12720.0,4.5,254,19
2.0,90.0,0.0,0.0,0.0,2.0,0.0,0.0,0.0,0.0,0.0,0.0,0.0,17.0,13.8,6.2,9.0,2.9,0.0,127919.0,6.5,255,6
1.0,32.0,0.0,0.0,0.0,1.0,0.0,0.0,0.0,0.0,0.0,0.0,0.0,0.0,0.0,0.0,0.0,0.0,0.0,3638.0,5.0,31,13
1.0,90.0,0.0,0.0,0.0,3.0,0.0,0.0,0.0,0.0,0.0,0.0,0.0,13.0,1.6,15.7,26.0,4.3,0.0,304826.0,5.5,68,4
2.0,90.0,0.0,0.0,0.0,3.0,0.0,0.0,0.0,0.0,0.0,4.0,0.0,9.0,5.0,0.0,0.0,0.5,0.0,102540.0,5.0,315,9
7.0,90.0,0.0,0.0,1.0,0.0,0.0,0.0,0.0,0.0,0.0,0.0,1.0,14.0,30.0,1.1,6.0,3.7,0.0,25125.0,5.0,307,6
1.0,90.0,0.0,0.0,0.0,1.0,0.0,0.0,0.0,1.0,0.0,0.0,0.0,0.0,0.0,0.0,0.0,0.0,211.0,329.0,5.5,196,2
2.0,90.0,0.0,0.0,0.0,3.0,0.0,0.0,0.0,0.0,0.0,0.0,0.0,0.0,0.0,23.4,34.0,5.6,39937.0,104050.0,6.0,335,12
1.0,26.0,0.0,0.0,0.0,1.0,0.0,0.0,0.0,0.0,0.0,0.0,0.0,3.0,0.8,0.4,0.0,0.1,124.0,191.0,5.0,50,7
1.0,90.0,0.0,0.0,0.0,3.0,0.0,0.0,0.0,0.0,0.0,0.0,0.0,44.0,76.8,30.3,11.0,11.8,0.0,304155.0,5.0,312,8
2.0,90.0,0.0,0.0,0.0,1.0,0.0,0.0,0.0,0.0,0.0,0.0,0.0,21.0,10.2,2.8,4.0,1.7,0.0,112927.0,5.0,146,7
1.0,90.0,0.0,0.0,0.0,2.0,0.0,0.0,0.0,0.0,0.0,0.0,0.0,10.0,7.8,30.4,0.0,3.8,0.0,3227802.0,7.5,230,6
2.0,90.0,0.0,0.0,1.0,0.0,0.0,0.0,0.0,1.0,0.0,0.0,0.0,15.0,13.2,19.6,26.0,5.9,-1498.0,25260.0,5.0,131,5
8.0,90.0,0.0,0.0,0.0,4.0,0.0,1.0,0.0,0.0,0.0,8.0,1.0,26.0,27.0,0.0,0.0,2.7,0.0,13715.0,5.0,213,4
2.0,66.0,0.0,0.0,0.0,4.0,0.0,0.0,0.0,0.0,0.0,0.0,0.0,24.0,37.2,1.1,44.0,8.2,-10246.0,139905.0,6.5,259,2
2.0,90.0,0.0,0.0,0.0,1.0,0.0,0.0,0.0,0.0,0.0,0.0,0.0,14.0,13.2,45.5,75.0,13.4,0.0,807314.0,12.0,337,10
1.0,18.0,0.0,0.0,0.0,0.0,0.0,0.0,0.0,0.0,0.0,0.0,0.0,0.0,0.0,0.0,0.0,0.0,0.0,2974.0,6.5,94,17
9.0,76.0,0.0,2.0,1.0,0.0,0.0,0.0,0.0,0.0,0.0,0.0,0.0,0.0,0.0,0.0,0.0,0.0,0.0,17820.0,4.5,84,18
1.0,1.0,0.0,0.0,0.0,0.0,0.0,0.0,0.0,0.0,0.0,0.0,0.0,0.0,0.0,0.0,0.0,0.0,0.0,1810.0,5.0,56,16
6.0,90.0,0.0,0.0,1.0,0.0,0.0,0.0,0.0,0.0,0.0,2.0,0.0,17.0,22.6,0.0,0.0,2.3,0.0,1400435.0,4.5,336,6
9.0,90.0,0.0,0.0,1.0,0.0,0.0,0.0,0.0,0.0,0.0,0.0,3.0,20.0,23.4,19.6,4.0,4.7,0.0,766431.0,7.0,305,11
8.0,90.0,0.0,0.0,1.0,0.0,0.0,0.0,0.0,0.0,0.0,0.0,2.0,12.0,18.4,1.1,17.0,3.7,0.0,30741.0,5.0,180,3
3.0,90.0,0.0,0.0,0.0,3.0,0.0,0.0,0.0,0.0,0.0,7.0,0.0,16.0,31.2,0.0,0.0,3.1,0.0,43295.0,4.5,240,9
2.0,90.0,0.0,0.0,0.0,1.0,0.0,0.0,0.0,0.0,0.0,0.0,0.0,12.0,17.0,11.2,2.0,3.0,0.0,166187.0,5.5,205,6
1.0,45.0,0.0,0.0,0.0,0.0,0.0,0.0,0.0,0.0,0.0,0.0,0.0,0.0,0.0,0.0,0.0,0.0,0.0,65020.0,4.5,82,6
5.0,90.0,0.0,0.0,1.0,0.0,0.0,0.0,0.0,1.0,0.0,0.0,0.0,3.0,0.4,0.5,2.0,0.3,0.0,469354.0,6.0,242,16
9.0,90.0,1.0,0.0,0.0,2.0,0.0,0.0,0.0,0.0,0.0,0.0,2.0,3.0,12.6,0.3,17.0,3.0,0.0,14565.0,5.0,125,6
2.0,90.0,0.0,0.0,0.0,3.0,0.0,0.0,0.0,0.0,0.0,0.0,0.0,10.0,4.8,11.7,79.0,9.6,0.0,2838333.0,9.5,311,2
1.0,4.0,0.0,0.0,0.0,0.0,0.0,0.0,0.0,0.0,0.0,0.0,0.0,0.0,0.0,0.0,0.0,0.0,0.0,30923.0,6.5,152,9
1.0,90.0,0.0,0.0,0.0,3.0,0.0,0.0,0.0,0.0,0.0,0.0,0.0,12.0,24.0,18.6,4.0,4.7,0.0,748080.0,4.5,303,0
1.0,56.0,0.0,0.0,0.0,1.0,0.0,0.0,0.0,0.0,0.0,0.0,0.0,0.0,0.0,0.0,0.0,0.0,0.0,3207.0,6.5,84,7
0.0,90.0,0.0,0.0,0.0,2.0,0.0,0.0,0.0,1.0,0.0,0.0,0.0,4.0,8.8,0.8,6.0,1.6,0.0,1006715.0,5.0,3,14
2.0,90.0,0.0,0.0,0.0,1.0,0.0,0.0,0.0,0.0,0.0,0.0,0.0,4.0,8.8,0.8,6.0,1.6,0.0,1006715.0,5.0,3,13
2.0,90.0,0.0,0.0,0.0,1.0,0.0,0.0,0.0,0.0,0.0,0.0,0.0,13.0,1.6,15.7,26.0,4.3,0.0,304826.0,5.5,68,0
6.0,25.0,1.0,0.0,0.0,0.0,0.0,0.0,0.0,0.0,0.0,0.0,0.0,0.0,0.0,0.0,0.0,0.0,0.0,55175.0,7.0,42,2
2.0,90.0,0.0,0.0,0.0,1.0,0.0,0.0,0.0,0.0,0.0,0.0,0.0,6.0,6.0,28.3,0.0,3.4,0.0,57448.0,6.0,19,5
5.0,90.0,0.0,1.0,0.0,1.0,0.0,0.0,0.0,0.0,0.0,0.0,0.0,10.0,14.0,46.8,35.0,9.6,0.0,1724987.0,9.0,362,16
1.0,8.0,0.0,0.0,0.0,0.0,0.0,0.0,0.0,0.0,0.0,0.0,0.0,14.0,23.4,0.2,18.0,4.2,0.0,33230.0,4.5,263,9
2.0,90.0,0.0,0.0,0.0,1.0,0.0,0.0,0.0,0.0,0.0,0.0,0.0,5.0,7.2,7.2,23.0,3.7,0.0,54083.0,6.5,62,16
6.0,90.0,1.0,0.0,0.0,2.0,0.0,0.0,0.0,1.0,0.0,0.0,0.0,17.0,13.8,6.2,9.0,2.9,0.0,127919.0,6.5,255,2
1.0,5.0,0.0,0.0,0.0,2.0,0.0,0.0,0.0,0.0,0.0,0.0,0.0,4.0,2.0,0.0,2.0,0.4,0.0,87664.0,5.5,23,0
1.0,28.0,0.0,0.0,0.0,0.0,0.0,0.0,0.0,0.0,0.0,0.0,0.0,-3.0,1.2,0.3,32.0,3.4,0.0,32205.0,5.5,199,5
1.0,19.0,0.0,0.0,0.0,1.0,0.0,0.0,0.0,0.0,0.0,0.0,0.0,0.0,0.0,0.0,0.0,0.0,24237.0,27586.0,8.0,110,12
2.0,65.0,0.0,0.0,0.0,1.0,0.0,0.0,0.0,0.0,0.0,0.0,0.0,1.0,0.0,1.0,8.0,0.7,0.0,102974.0,6.5,188,19
2.0,90.0,0.0,0.0,0.0,1.0,0.0,0.0,0.0,0.0,0.0,0.0,0.0,17.0,26.2,13.8,67.0,10.7,0.0,583310.0,8.0,344,12
1.0,13.0,0.0,0.0,0.0,0.0,0.0,0.0,0.0,0.0,0.0,0.0,0.0,11.0,15.4,4.8,4.0,2.4,1626.0,81124.0,5.5,85,12
1.0,45.0,0.0,0.0,0.0,4.0,0.0,0.0,0.0,0.0,0.0,0.0,0.0,2.0,6.6,4.6,24.0,3.5,0.0,66891.0,5.5,88,0
6.0,90.0,0.0,0.0,1.0,0.0,0.0,0.0,0.0,0.0,0.0,0.0,0.0,25.0,21.6,0.2,0.0,2.2,0.0,138741.0,5.5,220,16
7.0,90.0,0.0,0.0,1.0,0.0,0.0,0.0,0.0,0.0,0.0,3.0,0.0,20.0,17.8,0.0,0.0,1.8,0.0,55373.0,4.5,308,0
2.0,90.0,0.0,0.0,0.0,1.0,0.0,0.0,0.0,0.0,0.0,0.0,0.0,2.0,0.8,2.7,8.0,1.2,0.0,64923.0,5.5,272,10
2.0,90.0,0.0,0.0,0.0,1.0,0.0,0.0,0.0,0.0,0.0,1.0,0.0,12.0,18.2,0.0,0.0,1.8,0.0,462939.0,5.0,121,0
8.0,90.0,0.0,2.0,0.0,2.0,0.0,0.0,0.0,0.0,0.0,0.0,1.0,38.0,40.8,19.9,0.0,6.1,0.0,397204.0,6.0,275,17
2.0,90.0,0.0,0.0,0.0,1.0,0.0,0.0,0.0,0.0,0.0,0.0,0.0,12.0,7.6,25.3,0.0,3.3,-6566.0,55990.0,5.5,237,7
1.0,1.0,0.0,0.0,0.0,0.0,0.0,0.0,0.0,0.0,0.0,0.0,0.0,18.0,25.6,14.9,6.0,4.7,0.0,18135.0,5.5,347,6
1.0,89.0,0.0,0.0,1.0,0.0,0.0,0.0,0.0,1.0,0.0,0.0,0.0,17.0,26.2,13.8,67.0,10.7,0.0,583310.0,8.0,344,9
3.0,90.0,0.0,0.0,0.0,3.0,0.0,0.0,0.0,0.0,0.0,6.0,0.0,23.0,11.2,0.0,0.0,1.1,0.0,375930.0,5.5,250,2
7.0,90.0,0.0,0.0,1.0,0.0,0.0,0.0,0.0,1.0,0.0,0.0,2.0,0.0,0.0,0.0,0.0,0.0,-392.0,64092.0,5.5,346,11
1.0,90.0,0.0,0.0,0.0,2.0,0.0,0.0,0.0,0.0,0.0,1.0,0.0,12.0,11.6,0.0,0.0,1.2,0.0,1121565.0,4.5,93,7
2.0,90.0,0.0,0.0,0.0,1.0,0.0,0.0,0.0,0.0,0.0,0.0,0.0,21.0,19.2,24.8,0.0,4.4,260.0,326.0,4.5,291,12
2.0,90.0,0.0,0.0,0.0,1.0,0.0,0.0,0.0,0.0,0.0,0.0,0.0,12.0,18.4,1.1,17.0,3.7,0.0,30741.0,5.0,180,16
6.0,90.0,0.0,0.0,1.0,0.0,0.0,0.0,0.0,0.0,0.0,0.0,0.0,25.0,12.8,2.5,2.0,1.7,0.0,686005.0,5.5,222,13
0.0,90.0,0.0,0.0,0.0,2.0,0.0,0.0,0.0,1.0,0.0,0.0,0.0,29.0,15.6,1.4,6.0,2.3,0.0,771267.0,5.5,143,2
1.0,23.0,0.0,0.0,0.0,0.0,0.0,0.0,0.0,0.0,0.0,0.0,0.0,0.0,0.0,0.0,0.0,0.0,0.0,7235.0,5.5,48,12
1.0,45.0,0.0,0.0,0.0,4.0,0.0,0.0,0.0,0.0,0.0,0.0,0.0,33.0,54.8,4.8,23.0,8.3,0.0,34553.0,5.5,298,4
7.0,90.0,0.0,0.0,1.0,0.0,0.0,0.0,0.0,0.0,0.0,0.0,1.0,2.0,0.2,0.5,0.0,0.1,0.0,21428.0,5.0,75,19
2.0,90.0,0.0,0.0,0.0,1.0,0.0,0.0,0.0,0.0,0.0,0.0,0.0,25.0,12.8,2.5,2.0,1.7,0.0,686005.0,5.5,222,2
2.0,71.0,0.0,0.0,0.0,2.0,0.0,0.0,0.0,0.0,0.0,0.0,0.0,26.0,28.4,33.7,2.0,6.4,0.0,16534.0,6.0,202,14
0.0,90.0,0.0,0.0,0.0,3.0,0.0,0.0,1.0,0.0,0.0,0.0,0.0,10.0,7.4,26.4,0.0,3.4,0.0,7285.0,5.5,171,6
1.0,45.0,0.0,0.0,0.0,1.0,0.0,0.0,0.0,0.0,0.0,0.0,0.0,18.0,25.6,14.9,6.0,4.7,0.0,18135.0,5.5,347,10
2.0,90.0,0.0,0.0,1.0,0.0,0.0,0.0,0.0,0.0,0.0,0.0,0.0,7.0,8.0,22.5,21.0,5.2,0.0,894557.0,10.5,361,9
6.0,90.0,0.0,0.0,1.0,0.0,0.0,0.0,0.0,0.0,0.0,0.0,0.0,27.0,19.0,33.9,16.0,6.9,686.0,25413.0,5.0,280,18
12.0,90.0,0.0,1.0,1.0,0.0,0.0,0.0,0.0,0.0,0.0,0.0,3.0,20.0,23.4,19.6,4.0,4.7,0.0,766431.0,7.0,305,5
5.0,90.0,0.0,1.0,0.0,1.0,0.0,0.0,0.0,0.0,0.0,0.0,0.0,69.0,117.2,50.1,161.0,32.8,0.0,1883241.0,12.0,360,8
0.0,45.0,0.0,0.0,0.0,1.0,0.0,0.0,0.0,1.0,0.0,0.0,0.0,0.0,0.0,0.0,0.0,0.0,0.0,4284.0,4.5,44,5
3.0,68.0,0.0,0.0,1.0,0.0,0.0,0.0,0.0,0.0,0.0,0.0,0.0,9.0,15.8,23.0,35.0,7.4,0.0,120632.0,5.5,137,16
1.0,90.0,0.0,0.0,0.0,2.0,0.0,0.0,0.0,0.0,0.0,0.0,0.0,14.0,30.0,1.1,6.0,3.7,0.0,25125.0,5.0,307,3
10.0,90.0,0.0,2.0,1.0,0.0,0.0,0.0,0.0,0.0,0.0,0.0,2.0,1.0,8.6,11.2,60.0,8.0,0.0,1467030.0,8.5,322,6
8.0,90.0,0.0,0.0,1.0,0.0,0.0,0.0,0.0,0.0,0.0,0.0,2.0,44.0,76.8,30.3,11.0,11.8,0.0,304155.0,5.0,312,4
2.0,90.0,0.0,0.0,0.0,1.0,0.0,0.0,0.0,0.0,0.0,0.0,0.0,27.0,23.2,0.4,1.0,2.5,0.0,54492.0,5.5,269,15
5.0,90.0,0.0,1.0,0.0,1.0,0.0,0.0,0.0,0.0,0.0,0.0,0.0,8.0,15.4,5.0,0.0,2.0,0.0,66864.0,5.0,148,4
1.0,45.0,0.0,0.0,0.0,0.0,0.0,0.0,0.0,0.0,0.0,0.0,0.0,10.0,14.0,46.8,35.0,9.6,0.0,1724987.0,9.0,362,11
1.0,90.0,0.0,0.0,0.0,1.0,0.0,0.0,0.0,1.0,0.0,0.0,0.0,8.0,12.0,16.2,1.0,2.9,-1071.0,37251.0,5.5,119,14
1.0,45.0,0.0,0.0,0.0,0.0,0.0,0.0,0.0,0.0,0.0,0.0,0.0,0.0,0.0,0.0,0.0,0.0,0.0,20257.0,4.5,11,2
5.0,90.0,0.0,1.0,0.0,2.0,0.0,0.0,0.0,0.0,0.0,0.0,0.0,16.0,15.4,18.2,20.0,5.4,0.0,2728.0,5.0,265,10
7.0,90.0,0.0,0.0,1.0,0.0,0.0,0.0,0.0,0.0,0.0,0.0,1.0,13.0,17.4,0.7,0.0,1.8,0.0,95090.0,5.0,198,2
9.0,90.0,1.0,0.0,0.0,1.0,0.0,0.0,0.0,0.0,0.0,0.0,2.0,17.0,22.2,14.7,29.0,6.6,70648.0,322864.0,11.5,331,12
1.0,18.0,0.0,0.0,0.0,3.0,0.0,0.0,0.0,0.0,0.0,0.0,0.0,0.0,0.0,0.0,0.0,0.0,0.0,65008.0,6.0,204,4
2.0,90.0,0.0,0.0,0.0,1.0,0.0,0.0,0.0,0.0,0.0,0.0,0.0,20.0,20.4,44.6,4.0,6.9,0.0,143040.0,5.5,192,12
2.0,90.0,0.0,0.0,0.0,1.0,0.0,0.0,0.0,0.0,0.0,0.0,0.0,11.0,10.4,11.2,0.0,2.2,0.0,70232.0,5.0,327,0
2.0,90.0,0.0,0.0,0.0,3.0,0.0,0.0,0.0,0.0,0.0,0.0,0.0,7.0,12.4,21.6,46.0,8.0,0.0,367903.0,5.0,324,9
1.0,90.0,0.0,0.0,0.0,2.0,0.0,0.0,0.0,0.0,0.0,0.0,0.0,13.0,13.2,6.9,6.0,2.6,0.0,340758.0,5.5,38,8
1.0,90.0,0.0,0.0,0.0,1.0,0.0,0.0,0.0,1.0,0.0,0.0,0.0,7.0,8.6,18.0,0.0,2.7,0.0,10068.0,5.0,95,18
2.0,82.0,0.0,0.0,0.0,1.0,0.0,0.0,0.0,0.0,0.0,0.0,0.0,2.0,2.4,13.3,2.0,1.8,0.0,32021.0,4.5,71,18
1.0,23.0,0.0,0.0,0.0,0.0,0.0,0.0,0.0,0.0,0.0,0.0,0.0,0.0,0.0,0.0,0.0,0.0,-1073.0,32682.0,4.5,319,7
1.0,90.0,0.0,0.0,0.0,2.0,0.0,0.0,0.0,0.0,0.0,0.0,0.0,0.0,0.0,0.0,0.0,0.0,91.0,232.0,4.5,236,2
3.0,90.0,0.0,0.0,0.0,1.0,0.0,0.0,0.0,0.0,0.0,0.0,1.0,3.0,1.0,0.3,0.0,0.1,0.0,7807.0,5.0,64,17
2.0,90.0,0.0,0.0,0.0,1.0,0.0,0.0,0.0,0.0,0.0,0.0,0.0,18.0,31.6,1.4,21.0,5.4,0.0,461359.0,7.0,356,10
2.0,90.0,0.0,0.0,0.0,2.0,0.0,0.0,0.0,0.0,0.0,4.0,0.0,21.0,12.2,0.0,0.0,1.2,0.0,828679.0,5.5,290,6
2.0,90.0,0.0,0.0,0.0,1.0,0.0,0.0,0.0,0.0,0.0,0.0,0.0,0.0,0.0,0.0,0.0,0.0,0.0,11802.0,4.5,67,13
5.0,90.0,0.0,1.0,0.0,5.0,0.0,0.0,0.0,0.0,0.0,0.0,0.0,4.0,3.4,0.3,0.0,0.4,0.0,5118.0,5.5,130,1
2.0,90.0,0.0,0.0,0.0,1.0,0.0,0.0,0.0,0.0,0.0,0.0,0.0,0.0,0.0,0.0,0.0,0.0,1006.0,1176.0,4.5,123,1
7.0,90.0,0.0,0.0,1.0,0.0,0.0,0.0,0.0,0.0,0.0,0.0,1.0,34.0,63.4,0.2,38.0,10.2,0.0,177607.0,5.0,345,12
2.0,90.0,0.0,0.0,0.0,1.0,0.0,0.0,0.0,0.0,0.0,0.0,0.0,14.0,20.2,0.3,0.0,2.1,-502.0,28676.0,5.0,334,14
6.0,90.0,0.0,1.0,1.0,0.0,0.0,0.0,0.0,0.0,0.0,0.0,0.0,2.0,0.4,3.3,2.0,0.6,0.0,83611.0,7.5,114,12
2.0,61.0,0.0,0.0,0.0,1.0,0.0,0.0,0.0,0.0,0.0,0.0,0.0,0.0,0.0,0.0,0.0,0.0,1454.0,2009.0,6.0,107,6
2.0,83.0,0.0,0.0,1.0,0.0,0.0,0.0,0.0,0.0,0.0,0.0,0.0,24.0,37.2,1.1,44.0,8.2,-10246.0,139905.0,6.5,259,13
8.0,84.0,1.0,0.0,1.0,0.0,0.0,0.0,0.0,0.0,0.0,0.0,2.0,32.0,32.0,23.3,50.0,10.5,0.0,538610.0,6.5,351,10
1.0,45.0,0.0,0.0,0.0,0.0,0.0,0.0,0.0,0.0,0.0,0.0,0.0,0.0,0.0,0.0,0.0,0.0,0.0,76220.0,4.5,34,18
3.0,82.0,0.0,0.0,1.0,0.0,0.0,0.0,0.0,0.0,0.0,0.0,0.0,13.0,17.4,11.4,20.0,4.9,0.0,62869.0,6.0,149,6
2.0,90.0,0.0,0.0,0.0,1.0,0.0,0.0,0.0,0.0,0.0,0.0,0.0,34.0,38.4,13.7,34.0,8.6,0.0,387691.0,7.0,355,12
1.0,90.0,0.0,0.0,0.0,3.0,0.0,0.0,0.0,0.0,0.0,0.0,0.0,27.0,26.0,0.1,2.0,2.8,0.0,88657.0,5.0,139,13
6.0,90.0,0.0,1.0,1.0,0.0,0.0,0.0,0.0,0.0,0.0,0.0,0.0,14.0,13.2,45.5,75.0,13.4,0.0,807314.0,12.0,337,14
2.0,81.0,0.0,0.0,0.0,2.0,0.0,0.0,0.0,0.0,0.0,0.0,0.0,-7.0,9.2,0.8,19.0,2.9,0.0,403544.0,6.0,138,6
1.0,19.0,0.0,0.0,0.0,1.0,0.0,0.0,0.0,0.0,0.0,0.0,0.0,3.0,0.2,11.7,6.0,1.8,0.0,0.0,5.0,84,0
2.0,90.0,0.0,0.0,0.0,1.0,0.0,0.0,0.0,0.0,0.0,0.0,0.0,3.0,0.8,0.4,0.0,0.1,124.0,191.0,5.0,50,1
1.0,90.0,0.0,0.0,0.0,2.0,0.0,0.0,0.0,0.0,0.0,1.0,0.0,12.0,16.6,0.0,0.0,1.7,8554.0,296170.0,5.5,210,12
2.0,66.0,0.0,0.0,0.0,2.0,0.0,0.0,0.0,0.0,0.0,0.0,0.0,3.0,2.4,0.3,0.0,0.3,0.0,99837.0,7.0,273,4
11.0,90.0,0.0,0.0,1.0,0.0,0.0,0.0,0.0,0.0,0.0,6.0,3.0,13.0,22.6,0.0,0.0,2.3,-36200.0,1047580.0,5.5,328,18
8.0,90.0,0.0,0.0,1.0,0.0,0.0,0.0,0.0,0.0,0.0,0.0,2.0,14.0,20.2,0.3,0.0,2.1,-502.0,28676.0,5.0,334,7
1.0,11.0,0.0,0.0,0.0,0.0,0.0,0.0,0.0,0.0,0.0,0.0,0.0,4.0,1.2,0.8,0.0,0.2,0.0,2432.0,5.0,59,3
1.0,20.0,0.0,0.0,0.0,0.0,0.0,0.0,0.0,0.0,0.0,0.0,0.0,4.0,5.6,10.3,0.0,1.6,0.0,158296.0,5.5,155,8
7.0,90.0,0.0,0.0,1.0,0.0,0.0,0.0,0.0,0.0,0.0,3.0,0.0,0.0,0.0,0.0,0.0,0.0,0.0,0.0,4.5,84,14
2.0,90.0,0.0,0.0,0.0,3.0,0.0,0.0,0.0,0.0,0.0,0.0,0.0,15.0,21.6,14.5,8.0,4.4,0.0,305763.0,5.0,164,1
3.0,90.0,0.0,0.0,1.0,0.0,0.0,0.0,0.0,0.0,0.0,0.0,0.0,0.0,0.0,0.0,0.0,0.0,-10501.0,43760.0,7.5,102,8
9.0,90.0,1.0,0.0,1.0,0.0,0.0,0.0,0.0,0.0,0.0,0.0,3.0,7.0,8.0,22.5,21.0,5.2,0.0,894557.0,10.5,361,18
2.0,90.0,0.0,0.0,0.0,1.0,0.0,0.0,0.0,0.0,0.0,0.0,0.0,23.0,9.8,26.4,4.0,4.0,0.0,240975.0,5.0,264,9
1.0,17.0,0.0,0.0,0.0,1.0,0.0,0.0,0.0,0.0,0.0,0.0,0.0,4.0,1.2,0.8,0.0,0.2,0.0,2432.0,5.0,59,10
1.0,90.0,0.0,0.0,0.0,2.0,0.0,0.0,0.0,0.0,0.0,0.0,0.0,16.0,14.2,0.8,0.0,1.5,0.0,103827.0,4.5,144,10
2.0,72.0,0.0,0.0,0.0,1.0,0.0,0.0,0.0,0.0,0.0,0.0,0.0,-3.0,0.0,1.3,2.0,0.1,0.0,13584.0,5.5,158,3
2.0,90.0,0.0,0.0,0.0,1.0,0.0,0.0,0.0,0.0,0.0,0.0,0.0,32.0,20.0,13.0,2.0,3.5,0.0,681843.0,4.5,284,16
1.0,45.0,0.0,0.0,0.0,1.0,0.0,0.0,0.0,0.0,0.0,0.0,0.0,11.0,8.8,1.3,0.0,1.0,0.0,196908.0,4.5,304,16
1.0,53.0,0.0,0.0,0.0,1.0,0.0,0.0,0.0,0.0,0.0,0.0,0.0,0.0,0.0,0.0,0.0,0.0,0.0,339175.0,4.5,46,3
1.0,27.0,0.0,0.0,0.0,0.0,0.0,0.0,0.0,0.0,0.0,0.0,0.0,15.0,10.0,32.3,2.0,4.4,0.0,781245.0,5.5,81,18
2.0,90.0,0.0,0.0,0.0,1.0,0.0,0.0,0.0,0.0,0.0,0.0,0.0,0.0,0.0,0.0,0.0,0.0,59156.0,865810.0,5.5,252,6
1.0,90.0,0.0,0.0,0.0,1.0,0.0,0.0,0.0,1.0,0.0,0.0,0.0,19.0,17.2,2.8,4.0,2.4,0.0,234920.0,5.0,150,6
2.0,64.0,0.0,0.0,0.0,2.0,0.0,0.0,0.0,0.0,0.0,0.0,0.0,3.0,1.2,0.1,0.0,0.1,0.0,5393.0,5.5,224,14
6.0,90.0,0.0,0.0,1.0,0.0,0.0,0.0,0.0,0.0,0.0,0.0,0.0,14.0,14.8,4.6,4.0,2.3,11004.0,276468.0,5.5,122,18
1.0,24.0,0.0,0.0,0.0,2.0,0.0,0.0,0.0,0.0,0.0,0.0,0.0,3.0,2.0,0.1,1.0,0.3,0.0,24892.0,5.5,13,9
1.0,90.0,0.0,0.0,0.0,2.0,0.0,0.0,0.0,0.0,0.0,0.0,0.0,11.0,18.6,2.8,4.0,2.5,834.0,128704.0,5.0,173,7
6.0,90.0,0.0,0.0,1.0,0.0,0.0,0.0,0.0,0.0,0.0,0.0,0.0,6.0,20.0,3.5,35.0,5.9,0.0,1485702.0,6.0,257,15
1.0,11.0,0.0,0.0,0.0,1.0,0.0,0.0,0.0,0.0,0.0,0.0,0.0,14.0,13.4,24.0,17.0,5.4,0.0,21938.0,4.5,90,18
2.0,78.0,0.0,0.0,0.0,1.0,0.0,0.0,0.0,0.0,0.0,0.0,0.0,0.0,0.0,0.0,0.0,0.0,1337.0,2348.0,4.5,32,4
2.0,90.0,0.0,0.0,0.0,1.0,0.0,0.0,0.0,0.0,0.0,0.0,0.0,14.0,17.8,0.7,2.0,2.1,0.0,17362.0,5.0,0,0
6.0,90.0,0.0,0.0,1.0,0.0,0.0,0.0,0.0,0.0,0.0,0.0,0.0,0.0,0.0,0.0,0.0,0.0,59156.0,865810.0,5.5,252,9
1.0,87.0,0.0,0.0,0.0,2.0,0.0,0.0,0.0,1.0,0.0,0.0,0.0,14.0,11.2,10.4,6.0,2.8,0.0,12911.0,5.5,200,6
5.0,90.0,0.0,1.0,0.0,1.0,0.0,0.0,0.0,0.0,0.0,0.0,0.0,10.0,4.8,11.7,79.0,9.6,0.0,2838333.0,9.5,311,12
5.0,90.0,0.0,1.0,0.0,3.0,0.0,0.0,0.0,0.0,0.0,0.0,0.0,34.0,38.4,13.7,34.0,8.6,0.0,387691.0,7.0,355,4
3.0,90.0,0.0,0.0,1.0,0.0,0.0,0.0,0.0,0.0,0.0,0.0,0.0,11.0,10.4,23.2,9.0,4.3,-224.0,2586.0,5.0,140,19
6.0,90.0,0.0,0.0,1.0,0.0,0.0,0.0,0.0,0.0,0.0,0.0,0.0,-3.0,0.0,0.7,17.0,1.7,-1476.0,85013.0,4.5,73,18
-1.0,45.0,0.0,0.0,0.0,3.0,1.0,0.0,0.0,0.0,0.0,0.0,0.0,18.0,25.6,14.9,6.0,4.7,0.0,18135.0,5.5,347,16
1.0,68.0,0.0,0.0,0.0,1.0,0.0,0.0,0.0,1.0,0.0,0.0,0.0,0.0,0.0,0.0,0.0,0.0,0.0,0.0,4.0,84,11
1.0,16.0,0.0,0.0,0.0,0.0,0.0,0.0,0.0,0.0,0.0,0.0,0.0,21.0,10.2,2.8,4.0,1.7,0.0,112927.0,5.0,146,15
1.0,79.0,0.0,0.0,0.0,2.0,0.0,0.0,0.0,0.0,0.0,0.0,0.0,13.0,19.2,1.0,0.0,2.0,0.0,292725.0,5.5,43,6
6.0,90.0,1.0,0.0,0.0,2.0,0.0,0.0,0.0,0.0,0.0,0.0,0.0,34.0,38.4,13.7,34.0,8.6,0.0,387691.0,7.0,355,13
2.0,90.0,0.0,0.0,0.0,1.0,0.0,0.0,0.0,0.0,0.0,0.0,0.0,25.0,21.6,0.2,0.0,2.2,0.0,138741.0,5.5,220,11
2.0,90.0,0.0,0.0,0.0,1.0,0.0,0.0,0.0,0.0,0.0,0.0,0.0,16.0,14.2,18.2,0.0,3.2,0.0,0.0,4.5,219,3
3.0,90.0,0.0,0.0,1.0,0.0,0.0,0.0,0.0,0.0,0.0,0.0,0.0,0.0,0.0,0.0,0.0,0.0,0.0,23082.0,5.5,285,3
24.0,90.0,2.0,3.0,0.0,2.0,0.0,0.0,0.0,0.0,0.0,0.0,3.0,10.0,7.0,40.6,49.0,9.7,491.0,688315.0,7.0,350,3
8.0,90.0,1.0,0.0,0.0,2.0,0.0,0.0,0.0,0.0,0.0,0.0,1.0,33.0,54.8,4.8,23.0,8.3,0.0,34553.0,5.5,298,10
6.0,90.0,1.0,0.0,0.0,5.0,0.0,0.0,0.0,0.0,0.0,0.0,0.0,0.0,0.0,0.0,0.0,0.0,0.0,3326.0,4.5,86,12
3.0,74.0,0.0,0.0,1.0,0.0,0.0,0.0,0.0,0.0,0.0,0.0,0.0,5.0,1.4,0.3,2.0,0.4,2052.0,2616.0,6.0,253,14
6.0,90.0,0.0,0.0,1.0,0.0,0.0,0.0,0.0,0.0,0.0,0.0,0.0,11.0,18.6,2.8,4.0,2.5,834.0,128704.0,5.0,173,9
10.0,90.0,1.0,1.0,0.0,2.0,0.0,0.0,0.0,0.0,0.0,0.0,0.0,13.0,25.6,78.4,25.0,12.9,451998.0,1623046.0,10.5,359,7
7.0,90.0,1.0,0.0,0.0,1.0,0.0,0.0,0.0,0.0,0.0,0.0,0.0,-2.0,0.0,3.7,26.0,2.8,60421.0,558286.0,7.5,92,10
9.0,90.0,1.0,0.0,0.0,1.0,0.0,0.0,0.0,0.0,0.0,0.0,2.0,18.0,19.8,15.8,4.0,4.0,0.0,13748.0,5.5,247,9
1.0,90.0,0.0,0.0,0.0,4.0,0.0,0.0,0.0,1.0,0.0,0.0,0.0,16.0,17.4,49.1,0.0,6.7,0.0,202859.0,5.5,72,3
3.0,65.0,0.0,0.0,1.0,0.0,0.0,0.0,0.0,0.0,0.0,0.0,0.0,33.0,54.8,4.8,23.0,8.3,0.0,34553.0,5.5,298,15
1.0,13.0,0.0,0.0,0.0,0.0,0.0,0.0,0.0,0.0,0.0,0.0,0.0,0.0,0.0,0.0,0.0,0.0,0.0,12449.0,5.5,28,7
2.0,90.0,0.0,0.0,0.0,1.0,0.0,0.0,0.0,0.0,0.0,0.0,0.0,8.0,20.4,10.4,0.0,3.1,1331.0,1969.0,5.0,208,12
6.0,32.0,1.0,0.0,0.0,1.0,0.0,0.0,0.0,0.0,0.0,0.0,0.0,3.0,2.0,15.3,6.0,2.3,0.0,132947.0,8.0,5,19
2.0,90.0,0.0,0.0,0.0,2.0,0.0,0.0,0.0,0.0,0.0,0.0,0.0,6.0,5.2,1.3,4.0,1.1,0.0,115657.0,5.0,100,6
1.0,90.0,0.0,0.0,0.0,6.0,0.0,0.0,0.0,0.0,0.0,8.0,0.0,20.0,17.8,0.0,0.0,1.8,0.0,55373.0,4.5,308,4
5.0,90.0,0.0,0.0,1.0,0.0,0.0,0.0,0.0,1.0,0.0,0.0,0.0,18.0,0.8,11.0,2.0,1.4,-2667.0,59892.0,4.5,217,17
2.0,90.0,0.0,0.0,0.0,1.0,0.0,0.0,0.0,0.0,0.0,0.0,0.0,15.0,13.2,19.6,26.0,5.9,-1498.0,25260.0,5.0,131,9
2.0,90.0,0.0,0.0,0.0,1.0,0.0,0.0,0.0,0.0,0.0,0.0,0.0,20.0,20.4,44.6,4.0,6.9,0.0,143040.0,5.5,192,16
0.0,90.0,0.0,0.0,0.0,4.0,0.0,0.0,0.0,0.0,0.0,0.0,0.0,0.0,0.0,0.0,0.0,0.0,0.0,618483.0,4.5,84,10
2.0,90.0,0.0,0.0,1.0,0.0,0.0,0.0,0.0,1.0,0.0,0.0,0.0,10.0,7.0,40.6,49.0,9.7,491.0,688315.0,7.0,350,14
1.0,21.0,0.0,0.0,0.0,2.0,0.0,0.0,0.0,0.0,0.0,0.0,0.0,3.0,1.8,1.8,0.0,0.4,0.0,33377.0,4.5,84,5
2.0,90.0,0.0,0.0,0.0,1.0,0.0,0.0,0.0,0.0,0.0,0.0,0.0,7.0,15.6,6.8,16.0,3.8,15876.0,141119.0,8.0,218,8
1.0,9.0,0.0,0.0,0.0,0.0,0.0,0.0,0.0,0.0,0.0,0.0,0.0,3.0,4.4,8.8,4.0,1.7,0.0,33257.0,6.0,216,7
2.0,90.0,0.0,0.0,0.0,2.0,0.0,0.0,0.0,0.0,0.0,0.0,0.0,8.0,2.0,2.3,0.0,0.4,0.0,10287.0,5.5,12,7
0.0,89.0,0.0,0.0,0.0,3.0,0.0,0.0,0.0,1.0,0.0,0.0,0.0,0.0,0.0,0.0,0.0,0.0,0.0,15272.0,4.5,306,1
0.0,59.0,0.0,0.0,0.0,2.0,0.0,0.0,0.0,1.0,0.0,0.0,0.0,0.0,0.0,0.0,0.0,0.0,0.0,0.0,4.5,84,15
10.0,86.0,1.0,0.0,0.0,1.0,0.0,0.0,0.0,0.0,0.0,0.0,3.0,13.0,25.6,78.4,25.0,12.9,451998.0,1623046.0,10.5,359,0
1.0,90.0,0.0,0.0,0.0,1.0,0.0,0.0,0.0,1.0,0.0,0.0,0.0,22.0,33.8,27.3,20.0,8.1,0.0,114860.0,4.5,244,18
1.0,25.0,0.0,0.0,0.0,0.0,0.0,0.0,0.0,0.0,0.0,0.0,0.0,0.0,0.0,0.0,0.0,0.0,-2789.0,6993.0,6.0,49,0
1.0,30.0,0.0,0.0,0.0,0.0,0.0,0.0,0.0,0.0,0.0,0.0,0.0,2.0,0.8,2.7,8.0,1.2,0.0,64923.0,5.5,272,0
3.0,70.0,0.0,0.0,1.0,0.0,0.0,0.0,0.0,0.0,0.0,0.0,0.0,0.0,0.0,0.0,0.0,0.0,0.0,2608.0,5.0,84,9
