points,minsPlayed,goalsScored,assists,cleanSheets,goalsConceded,ownGoals,penSaved,penMissed,yelCards,redCards,saves,bonus,bonusPointSystem,influence,creativity,threat,ictIndex,netTransfers,selectedBy,costGBP,playerName
17.0,90.0,2.0,1.0,0.0,3.0,0.0,0.0,0.0,1.0,0.0,0.0,3.0,15.0,6.6,17.4,4.0,2.8,0.0,280881.0,6.0,229
1.0,56.0,0.0,0.0,0.0,0.0,0.0,0.0,0.0,0.0,0.0,0.0,0.0,0.0,0.0,0.0,0.0,0.0,0.0,7504.0,5.0,12
6.0,90.0,0.0,0.0,1.0,0.0,0.0,0.0,0.0,0.0,0.0,0.0,0.0,13.0,17.4,0.7,0.0,1.8,0.0,95090.0,5.0,200
3.0,79.0,0.0,0.0,1.0,0.0,0.0,0.0,0.0,0.0,0.0,0.0,0.0,15.0,27.2,1.2,0.0,2.8,0.0,126755.0,5.0,242
7.0,90.0,0.0,0.0,1.0,0.0,0.0,0.0,0.0,0.0,0.0,0.0,1.0,12.0,7.4,0.4,0.0,0.8,4175.0,474483.0,5.5,120
9.0,82.0,0.0,0.0,1.0,0.0,0.0,0.0,0.0,0.0,0.0,0.0,3.0,0.0,0.0,0.0,0.0,0.0,0.0,22681.0,4.5,56
2.0,68.0,0.0,0.0,0.0,1.0,0.0,0.0,0.0,0.0,0.0,0.0,0.0,4.0,0.0,1.6,0.0,0.2,0.0,3307.0,5.0,90
2.0,90.0,0.0,0.0,0.0,3.0,0.0,0.0,0.0,0.0,0.0,0.0,0.0,13.0,8.4,3.8,5.0,1.7,0.0,269810.0,4.5,50
1.0,3.0,0.0,0.0,0.0,0.0,0.0,0.0,0.0,0.0,0.0,0.0,0.0,-1.0,2.8,5.8,35.0,4.4,0.0,149187.0,7.0,77
2.0,87.0,0.0,0.0,1.0,0.0,0.0,0.0,0.0,0.0,0.0,0.0,0.0,3.0,7.0,14.0,48.0,6.9,0.0,21822.0,5.5,131
2.0,75.0,0.0,0.0,0.0,1.0,0.0,0.0,0.0,0.0,0.0,0.0,0.0,3.0,2.4,0.3,0.0,0.3,0.0,99837.0,7.0,327
12.0,90.0,0.0,1.0,1.0,0.0,0.0,0.0,0.0,0.0,0.0,0.0,3.0,23.0,9.8,26.4,4.0,4.0,0.0,240975.0,5.0,224
2.0,81.0,0.0,0.0,0.0,1.0,0.0,0.0,0.0,0.0,0.0,0.0,0.0,0.0,0.0,0.0,0.0,0.0,0.0,51065.0,4.5,74
2.0,89.0,0.0,0.0,0.0,1.0,0.0,0.0,0.0,0.0,0.0,0.0,0.0,10.0,5.8,7.2,38.0,5.1,0.0,248434.0,9.5,305
-1.0,90.0,0.0,0.0,0.0,7.0,0.0,0.0,0.0,0.0,0.0,0.0,0.0,0.0,0.0,0.0,0.0,0.0,0.0,5818.0,5.5,130
2.0,90.0,0.0,0.0,0.0,1.0,0.0,0.0,0.0,0.0,0.0,0.0,0.0,11.0,7.0,10.2,0.0,1.7,0.0,19025.0,5.5,191
1.0,90.0,0.0,0.0,0.0,3.0,0.0,0.0,0.0,0.0,0.0,0.0,0.0,8.0,9.6,0.6,0.0,1.0,0.0,19684.0,4.5,4
6.0,90.0,0.0,0.0,1.0,0.0,0.0,0.0,0.0,0.0,0.0,2.0,0.0,23.0,11.2,0.0,0.0,1.1,0.0,375930.0,5.5,183
2.0,88.0,0.0,0.0,0.0,1.0,0.0,0.0,0.0,0.0,0.0,0.0,0.0,0.0,0.0,0.0,0.0,0.0,-2789.0,6993.0,6.0,151
1.0,14.0,0.0,0.0,0.0,0.0,0.0,0.0,0.0,0.0,0.0,0.0,0.0,3.0,2.4,0.3,0.0,0.3,0.0,99837.0,7.0,327
2.0,90.0,0.0,0.0,0.0,1.0,0.0,0.0,0.0,0.0,0.0,0.0,0.0,11.0,10.4,23.2,9.0,4.3,-224.0,2586.0,5.0,133
6.0,80.0,0.0,0.0,1.0,0.0,0.0,0.0,0.0,0.0,0.0,0.0,0.0,12.0,17.0,11.2,2.0,3.0,0.0,166187.0,5.5,238
2.0,90.0,0.0,0.0,0.0,3.0,0.0,0.0,0.0,0.0,0.0,0.0,0.0,9.0,13.6,28.6,9.0,5.1,0.0,518922.0,7.0,312
3.0,90.0,0.0,0.0,1.0,0.0,0.0,0.0,0.0,0.0,0.0,0.0,0.0,3.0,2.4,10.2,0.0,1.3,307.0,454.0,4.5,29
1.0,59.0,0.0,0.0,0.0,3.0,0.0,0.0,0.0,0.0,0.0,0.0,0.0,4.0,5.6,10.3,0.0,1.6,0.0,158296.0,5.5,82
1.0,45.0,0.0,0.0,0.0,4.0,0.0,0.0,0.0,0.0,0.0,0.0,0.0,-3.0,0.0,1.3,2.0,0.1,0.0,13584.0,5.5,195
1.0,90.0,0.0,0.0,0.0,2.0,0.0,0.0,0.0,0.0,0.0,2.0,0.0,16.0,31.2,0.0,0.0,3.1,0.0,43295.0,4.5,157
1.0,1.0,0.0,0.0,0.0,0.0,0.0,0.0,0.0,0.0,0.0,0.0,0.0,3.0,4.6,0.5,20.0,2.5,0.0,2162.0,5.0,73
1.0,90.0,0.0,0.0,0.0,1.0,0.0,0.0,0.0,1.0,0.0,0.0,0.0,7.0,8.6,18.0,0.0,2.7,0.0,10068.0,5.0,138
1.0,13.0,0.0,0.0,0.0,0.0,0.0,0.0,0.0,0.0,0.0,0.0,0.0,0.0,0.0,0.0,0.0,0.0,-37798.0,235327.0,10.5,73
6.0,90.0,0.0,0.0,1.0,0.0,0.0,0.0,0.0,0.0,0.0,1.0,0.0,0.0,0.0,0.0,0.0,0.0,0.0,0.0,4.0,73
3.0,63.0,0.0,0.0,1.0,0.0,0.0,0.0,0.0,0.0,0.0,0.0,0.0,3.0,2.4,0.3,0.0,0.3,0.0,99837.0,7.0,327
6.0,90.0,0.0,0.0,1.0,0.0,0.0,0.0,0.0,0.0,0.0,0.0,0.0,0.0,0.0,0.0,0.0,0.0,-392.0,64092.0,5.5,331
2.0,90.0,0.0,0.0,0.0,1.0,0.0,0.0,0.0,0.0,0.0,0.0,0.0,13.0,4.2,1.0,2.0,0.7,0.0,76886.0,5.5,145
2.0,90.0,0.0,0.0,0.0,1.0,0.0,0.0,0.0,0.0,0.0,0.0,0.0,18.0,19.8,15.8,4.0,4.0,0.0,13748.0,5.5,288
6.0,90.0,0.0,0.0,1.0,0.0,0.0,0.0,0.0,0.0,0.0,0.0,0.0,14.0,20.2,0.3,0.0,2.1,-502.0,28676.0,5.0,351
1.0,1.0,0.0,0.0,0.0,1.0,0.0,0.0,0.0,0.0,0.0,0.0,0.0,19.0,36.2,3.3,23.0,6.3,23767.0,247988.0,7.0,58
1.0,25.0,0.0,0.0,0.0,1.0,0.0,0.0,0.0,0.0,0.0,0.0,0.0,12.0,14.4,44.6,22.0,8.1,0.0,20721.0,5.5,93
6.0,90.0,0.0,0.0,1.0,0.0,0.0,0.0,0.0,0.0,0.0,0.0,0.0,20.0,23.4,19.6,4.0,4.7,0.0,766431.0,7.0,329
2.0,69.0,0.0,0.0,0.0,1.0,0.0,0.0,0.0,0.0,0.0,0.0,0.0,10.0,5.8,7.2,38.0,5.1,0.0,248434.0,9.5,305
3.0,77.0,0.0,0.0,1.0,0.0,0.0,0.0,0.0,0.0,0.0,0.0,0.0,0.0,0.0,0.0,0.0,0.0,0.0,65008.0,6.0,88
7.0,90.0,1.0,0.0,0.0,3.0,0.0,0.0,0.0,0.0,0.0,0.0,1.0,1.0,0.0,1.0,8.0,0.7,0.0,102974.0,6.5,252
10.0,90.0,1.0,0.0,0.0,3.0,0.0,0.0,0.0,0.0,0.0,0.0,3.0,4.0,5.6,10.3,0.0,1.6,0.0,158296.0,5.5,82
1.0,90.0,0.0,0.0,0.0,1.0,0.0,0.0,0.0,1.0,0.0,0.0,0.0,15.0,35.6,4.3,0.0,4.0,0.0,237865.0,4.5,141
1.0,25.0,0.0,0.0,0.0,0.0,0.0,0.0,0.0,0.0,0.0,0.0,0.0,3.0,2.0,0.1,1.0,0.3,0.0,24892.0,5.5,1
1.0,90.0,0.0,0.0,0.0,1.0,0.0,0.0,0.0,1.0,0.0,0.0,0.0,0.0,0.0,0.0,0.0,0.0,91.0,232.0,4.5,171
2.0,90.0,0.0,0.0,0.0,1.0,0.0,0.0,0.0,0.0,0.0,0.0,0.0,0.0,0.0,0.0,0.0,0.0,91.0,232.0,4.5,171
10.0,90.0,1.0,0.0,0.0,2.0,0.0,0.0,0.0,0.0,0.0,0.0,3.0,7.0,12.4,21.6,46.0,8.0,0.0,367903.0,5.0,295
1.0,90.0,0.0,0.0,0.0,2.0,0.0,0.0,0.0,0.0,0.0,0.0,0.0,16.0,14.2,18.2,0.0,3.2,0.0,0.0,4.5,166
1.0,90.0,0.0,0.0,0.0,2.0,0.0,0.0,0.0,0.0,0.0,0.0,0.0,14.0,30.0,1.1,6.0,3.7,0.0,25125.0,5.0,266
2.0,90.0,0.0,0.0,0.0,3.0,0.0,0.0,0.0,0.0,0.0,0.0,0.0,11.0,8.8,11.3,0.0,2.0,0.0,10809.0,5.0,48
1.0,2.0,0.0,0.0,0.0,0.0,0.0,0.0,0.0,0.0,0.0,0.0,0.0,4.0,0.0,0.0,0.0,0.0,0.0,0.0,4.5,32
1.0,45.0,0.0,0.0,0.0,1.0,0.0,0.0,0.0,0.0,0.0,0.0,0.0,0.0,0.0,0.0,0.0,0.0,-37798.0,235327.0,10.5,73
2.0,90.0,0.0,0.0,0.0,1.0,0.0,0.0,0.0,0.0,0.0,0.0,0.0,0.0,0.0,23.4,34.0,5.6,39937.0,104050.0,6.0,319
0.0,90.0,0.0,0.0,0.0,3.0,0.0,0.0,0.0,1.0,0.0,0.0,0.0,4.0,8.8,0.8,6.0,1.6,0.0,1006715.0,5.0,15
5.0,90.0,0.0,0.0,0.0,2.0,0.0,0.0,0.0,0.0,0.0,9.0,1.0,15.0,20.0,0.0,0.0,2.0,0.0,296409.0,5.5,274
2.0,86.0,0.0,0.0,0.0,3.0,0.0,0.0,0.0,0.0,0.0,0.0,0.0,13.0,17.4,11.4,20.0,4.9,0.0,62869.0,6.0,184
1.0,90.0,0.0,0.0,0.0,2.0,0.0,0.0,0.0,0.0,0.0,0.0,0.0,18.0,0.8,11.0,2.0,1.4,-2667.0,59892.0,4.5,287
9.0,90.0,0.0,1.0,1.0,0.0,0.0,0.0,0.0,0.0,0.0,0.0,0.0,10.0,7.8,30.4,0.0,3.8,0.0,3227802.0,7.5,198
2.0,90.0,0.0,0.0,0.0,2.0,0.0,0.0,0.0,0.0,0.0,0.0,0.0,13.0,8.4,3.8,5.0,1.7,0.0,269810.0,4.5,50
1.0,7.0,0.0,0.0,0.0,0.0,0.0,0.0,0.0,0.0,0.0,0.0,0.0,3.0,0.4,4.2,6.0,1.1,2206.0,2631.0,5.5,284
6.0,90.0,0.0,0.0,1.0,0.0,0.0,0.0,0.0,0.0,0.0,0.0,0.0,27.0,23.2,0.4,1.0,2.5,0.0,54492.0,5.5,254
0.0,90.0,0.0,0.0,0.0,2.0,0.0,0.0,1.0,0.0,0.0,0.0,0.0,0.0,0.0,23.4,34.0,5.6,39937.0,104050.0,6.0,319
2.0,90.0,0.0,0.0,0.0,1.0,0.0,0.0,0.0,0.0,0.0,0.0,0.0,0.0,0.0,0.0,0.0,0.0,0.0,0.0,5.0,265
2.0,90.0,0.0,0.0,0.0,1.0,0.0,0.0,0.0,0.0,0.0,0.0,0.0,10.0,7.8,30.4,0.0,3.8,0.0,3227802.0,7.5,198
1.0,4.0,0.0,0.0,0.0,0.0,0.0,0.0,0.0,0.0,0.0,0.0,0.0,3.0,2.4,10.2,0.0,1.3,307.0,454.0,4.5,29
1.0,82.0,0.0,0.0,0.0,1.0,0.0,0.0,0.0,1.0,0.0,0.0,0.0,4.0,0.0,0.4,2.0,0.2,0.0,8412.0,5.5,209
2.0,70.0,0.0,0.0,0.0,1.0,0.0,0.0,0.0,0.0,0.0,0.0,0.0,18.0,25.6,14.9,6.0,4.7,0.0,18135.0,5.5,223
6.0,90.0,0.0,1.0,1.0,0.0,0.0,0.0,0.0,0.0,0.0,0.0,0.0,15.0,6.6,17.4,4.0,2.8,0.0,280881.0,6.0,229
2.0,90.0,0.0,0.0,0.0,1.0,0.0,0.0,0.0,0.0,0.0,0.0,0.0,6.0,6.0,28.3,0.0,3.4,0.0,57448.0,6.0,38
6.0,77.0,0.0,0.0,1.0,0.0,0.0,0.0,0.0,0.0,0.0,0.0,0.0,14.0,11.4,3.4,6.0,2.1,29089.0,36150.0,5.5,69
1.0,1.0,0.0,0.0,0.0,0.0,0.0,0.0,0.0,0.0,0.0,0.0,0.0,3.0,1.0,0.3,0.0,0.1,0.0,7807.0,5.0,98
1.0,90.0,0.0,0.0,0.0,1.0,0.0,0.0,0.0,1.0,0.0,0.0,0.0,15.0,14.6,0.0,8.0,2.3,140.0,304.0,4.5,227
1.0,21.0,0.0,0.0,0.0,0.0,0.0,0.0,0.0,0.0,0.0,0.0,0.0,0.0,0.0,0.0,0.0,0.0,0.0,41594.0,6.0,19
1.0,10.0,0.0,0.0,0.0,0.0,0.0,0.0,0.0,0.0,0.0,0.0,0.0,-2.0,0.0,3.7,26.0,2.8,60421.0,558286.0,7.5,116
1.0,1.0,0.0,0.0,0.0,0.0,0.0,0.0,0.0,0.0,0.0,0.0,0.0,3.0,2.4,10.2,0.0,1.3,307.0,454.0,4.5,29
8.0,90.0,0.0,0.0,1.0,0.0,0.0,0.0,0.0,0.0,0.0,3.0,1.0,21.0,12.2,0.0,0.0,1.2,0.0,828679.0,5.5,290
1.0,1.0,0.0,0.0,0.0,0.0,0.0,0.0,0.0,0.0,0.0,0.0,0.0,14.0,19.4,62.3,2.0,8.4,0.0,41931.0,4.5,180
1.0,90.0,0.0,0.0,0.0,3.0,0.0,0.0,0.0,0.0,0.0,0.0,0.0,19.0,41.0,0.1,0.0,4.1,0.0,97197.0,4.0,136
1.0,17.0,0.0,0.0,0.0,0.0,0.0,0.0,0.0,0.0,0.0,0.0,0.0,0.0,0.0,0.0,0.0,0.0,0.0,75648.0,7.0,213
1.0,14.0,0.0,0.0,0.0,0.0,0.0,0.0,0.0,0.0,0.0,0.0,0.0,3.0,0.0,0.0,0.0,0.0,0.0,112190.0,6.0,59
2.0,90.0,0.0,0.0,0.0,1.0,0.0,0.0,0.0,0.0,0.0,0.0,0.0,0.0,0.0,0.0,0.0,0.0,-1061.0,5338.0,5.5,80
2.0,90.0,0.0,0.0,0.0,1.0,0.0,0.0,0.0,0.0,0.0,0.0,0.0,25.0,51.8,0.2,17.0,6.9,0.0,53224.0,5.0,340
3.0,81.0,0.0,0.0,1.0,0.0,0.0,0.0,0.0,0.0,0.0,0.0,0.0,5.0,1.8,2.6,12.0,1.6,0.0,94805.0,6.5,267
1.0,30.0,0.0,0.0,0.0,2.0,0.0,0.0,0.0,0.0,0.0,0.0,0.0,3.0,2.0,0.1,1.0,0.3,0.0,24892.0,5.5,1
2.0,60.0,0.0,0.0,0.0,1.0,0.0,0.0,0.0,0.0,0.0,0.0,0.0,4.0,2.2,3.2,0.0,0.5,0.0,23808.0,4.5,73
1.0,90.0,0.0,0.0,0.0,2.0,0.0,0.0,0.0,0.0,0.0,0.0,0.0,0.0,0.0,0.0,0.0,0.0,1337.0,2348.0,4.5,110
15.0,90.0,1.0,0.0,1.0,0.0,0.0,0.0,0.0,0.0,0.0,0.0,3.0,16.0,14.2,18.2,0.0,3.2,0.0,0.0,4.5,166
3.0,90.0,0.0,0.0,1.0,0.0,0.0,0.0,0.0,0.0,0.0,0.0,0.0,19.0,17.2,2.8,4.0,2.4,0.0,234920.0,5.0,112
1.0,45.0,0.0,0.0,0.0,1.0,0.0,0.0,0.0,0.0,0.0,0.0,0.0,0.0,0.0,0.0,0.0,0.0,0.0,22681.0,4.5,56
2.0,90.0,0.0,0.0,0.0,2.0,0.0,0.0,0.0,0.0,0.0,0.0,0.0,8.0,2.0,2.3,0.0,0.4,0.0,10287.0,5.5,20
2.0,90.0,0.0,0.0,0.0,1.0,0.0,0.0,0.0,0.0,0.0,0.0,0.0,3.0,12.6,0.3,17.0,3.0,0.0,14565.0,5.0,154
2.0,90.0,0.0,0.0,0.0,2.0,0.0,0.0,0.0,0.0,0.0,0.0,0.0,35.0,38.6,38.0,38.0,11.5,0.0,473242.0,8.0,103
6.0,90.0,0.0,0.0,1.0,0.0,0.0,0.0,0.0,0.0,0.0,0.0,0.0,12.0,24.0,18.6,4.0,4.7,0.0,748080.0,4.5,260
1.0,76.0,0.0,0.0,0.0,3.0,0.0,0.0,0.0,1.0,0.0,0.0,0.0,0.0,0.0,0.0,0.0,0.0,-2789.0,6993.0,6.0,151
8.0,90.0,0.0,0.0,1.0,0.0,0.0,0.0,0.0,0.0,0.0,0.0,2.0,-3.0,0.0,0.7,17.0,1.7,-1476.0,85013.0,4.5,47
2.0,80.0,0.0,0.0,0.0,4.0,0.0,0.0,0.0,0.0,0.0,0.0,0.0,0.0,0.0,0.0,0.0,0.0,0.0,8154.0,5.5,60
3.0,77.0,0.0,0.0,1.0,0.0,0.0,0.0,0.0,0.0,0.0,0.0,0.0,0.0,0.0,0.0,0.0,0.0,8376.0,10844.0,9.5,73
5.0,90.0,0.0,0.0,1.0,0.0,0.0,0.0,0.0,1.0,0.0,0.0,0.0,27.0,26.0,0.1,2.0,2.8,0.0,88657.0,5.0,94
2.0,90.0,0.0,0.0,0.0,1.0,0.0,0.0,0.0,0.0,0.0,0.0,0.0,4.0,14.4,11.8,0.0,2.6,0.0,50068.0,4.5,149
2.0,90.0,0.0,0.0,0.0,4.0,0.0,0.0,0.0,0.0,0.0,0.0,0.0,4.0,0.0,1.6,0.0,0.2,0.0,3307.0,5.0,90
2.0,90.0,0.0,0.0,0.0,2.0,0.0,0.0,0.0,0.0,0.0,0.0,0.0,0.0,5.4,11.8,63.0,8.0,0.0,642088.0,6.5,321
1.0,90.0,0.0,0.0,0.0,3.0,0.0,0.0,0.0,0.0,0.0,0.0,0.0,38.0,45.8,3.0,35.0,8.4,0.0,67356.0,5.5,338
3.0,90.0,0.0,0.0,1.0,0.0,0.0,0.0,0.0,0.0,0.0,0.0,0.0,15.0,10.6,3.8,18.0,3.2,0.0,0.0,4.5,42
2.0,75.0,0.0,0.0,0.0,2.0,0.0,0.0,0.0,0.0,0.0,0.0,0.0,5.0,1.8,2.6,12.0,1.6,0.0,94805.0,6.5,267
8.0,90.0,1.0,0.0,0.0,1.0,0.0,0.0,0.0,0.0,0.0,0.0,1.0,0.0,0.0,0.0,0.0,0.0,0.0,10789.0,6.0,178
1.0,4.0,0.0,0.0,0.0,0.0,0.0,0.0,0.0,0.0,0.0,0.0,0.0,0.0,0.0,0.0,0.0,0.0,0.0,27859.0,4.5,234
2.0,90.0,0.0,0.0,0.0,1.0,0.0,0.0,0.0,0.0,0.0,0.0,0.0,21.0,10.2,2.8,4.0,1.7,0.0,112927.0,5.0,53
3.0,68.0,0.0,0.0,1.0,0.0,0.0,0.0,0.0,0.0,0.0,0.0,0.0,4.0,7.2,0.3,17.0,2.5,-260.0,4930.0,5.0,211
1.0,90.0,0.0,0.0,0.0,1.0,0.0,0.0,0.0,1.0,0.0,0.0,0.0,0.0,0.0,0.0,0.0,0.0,-44155.0,347655.0,5.5,291
2.0,90.0,0.0,0.0,0.0,1.0,0.0,0.0,0.0,0.0,0.0,0.0,0.0,0.0,0.0,0.0,0.0,0.0,-1277.0,30075.0,5.5,336
0.0,90.0,0.0,0.0,0.0,4.0,0.0,0.0,0.0,0.0,0.0,0.0,0.0,21.0,21.8,0.3,0.0,2.2,0.0,219489.0,4.5,85
1.0,45.0,0.0,0.0,0.0,0.0,0.0,0.0,0.0,0.0,0.0,0.0,0.0,8.0,8.4,14.8,0.0,2.3,0.0,755977.0,8.5,135
6.0,90.0,0.0,0.0,1.0,0.0,0.0,0.0,0.0,0.0,0.0,0.0,0.0,27.0,19.0,33.9,16.0,6.9,686.0,25413.0,5.0,276
2.0,90.0,0.0,0.0,0.0,1.0,0.0,0.0,0.0,0.0,0.0,0.0,0.0,0.0,0.0,0.0,0.0,0.0,-388.0,5448.0,4.5,73
1.0,90.0,0.0,0.0,0.0,2.0,0.0,0.0,0.0,0.0,0.0,0.0,0.0,27.0,19.0,33.9,16.0,6.9,686.0,25413.0,5.0,276
7.0,90.0,0.0,0.0,1.0,0.0,0.0,0.0,0.0,0.0,0.0,0.0,1.0,22.0,13.2,0.7,0.0,1.4,0.0,105207.0,4.5,111
3.0,90.0,0.0,0.0,1.0,0.0,0.0,0.0,0.0,0.0,0.0,0.0,0.0,42.0,85.2,71.6,64.0,22.1,344561.0,2063222.0,11.5,348
1.0,45.0,0.0,0.0,0.0,0.0,0.0,0.0,0.0,0.0,0.0,0.0,0.0,19.0,23.2,29.8,0.0,5.3,-5200.0,54426.0,6.0,162
1.0,90.0,0.0,0.0,0.0,3.0,0.0,0.0,0.0,0.0,0.0,2.0,0.0,13.0,22.6,0.0,0.0,2.3,-36200.0,1047580.0,5.5,347
2.0,90.0,0.0,0.0,0.0,1.0,0.0,0.0,0.0,0.0,0.0,0.0,0.0,23.0,29.6,29.3,2.0,6.1,-7381.0,306344.0,4.5,270
16.0,89.0,2.0,1.0,0.0,2.0,0.0,0.0,0.0,0.0,0.0,0.0,3.0,10.0,4.8,11.7,79.0,9.6,0.0,2838333.0,9.5,208
2.0,90.0,0.0,0.0,0.0,1.0,0.0,0.0,0.0,0.0,0.0,0.0,0.0,20.0,20.4,44.6,4.0,6.9,0.0,143040.0,5.5,174
2.0,90.0,0.0,0.0,0.0,1.0,0.0,0.0,0.0,0.0,0.0,0.0,0.0,14.0,13.2,45.5,75.0,13.4,0.0,807314.0,12.0,332
1.0,90.0,0.0,0.0,0.0,3.0,0.0,0.0,0.0,0.0,0.0,0.0,0.0,0.0,0.0,0.0,0.0,0.0,0.0,72270.0,5.5,333
6.0,90.0,0.0,0.0,1.0,0.0,0.0,0.0,0.0,0.0,0.0,1.0,0.0,0.0,0.0,0.0,0.0,0.0,0.0,71203.0,4.5,189
1.0,90.0,0.0,0.0,0.0,5.0,0.0,0.0,0.0,0.0,0.0,5.0,0.0,26.0,27.0,0.0,0.0,2.7,0.0,13715.0,5.0,261
2.0,90.0,0.0,0.0,0.0,1.0,0.0,0.0,0.0,0.0,0.0,0.0,0.0,10.0,14.0,46.8,35.0,9.6,0.0,1724987.0,9.0,353
1.0,10.0,0.0,0.0,0.0,0.0,0.0,0.0,0.0,0.0,0.0,0.0,0.0,3.0,0.8,1.3,0.0,0.2,0.0,28187.0,6.0,146
3.0,79.0,0.0,0.0,1.0,0.0,0.0,0.0,0.0,0.0,0.0,0.0,0.0,23.0,43.6,6.5,19.0,6.9,0.0,30491.0,5.5,326
2.0,90.0,0.0,0.0,0.0,1.0,0.0,0.0,0.0,0.0,0.0,0.0,0.0,27.0,26.0,0.1,2.0,2.8,0.0,88657.0,5.0,94
1.0,27.0,0.0,0.0,0.0,0.0,0.0,0.0,0.0,0.0,0.0,0.0,0.0,0.0,0.0,0.0,0.0,0.0,0.0,12449.0,5.5,144
2.0,90.0,0.0,0.0,0.0,1.0,0.0,0.0,0.0,0.0,0.0,0.0,0.0,10.0,10.2,36.0,14.0,6.0,0.0,33140.0,6.0,108
1.0,90.0,0.0,0.0,0.0,2.0,0.0,0.0,0.0,0.0,0.0,0.0,0.0,0.0,0.0,0.0,0.0,0.0,0.0,0.0,5.0,265
24.0,90.0,4.0,0.0,0.0,2.0,0.0,0.0,0.0,0.0,0.0,0.0,2.0,10.0,14.0,46.8,35.0,9.6,0.0,1724987.0,9.0,353
2.0,69.0,0.0,0.0,1.0,0.0,0.0,0.0,0.0,0.0,0.0,0.0,0.0,0.0,0.0,0.0,0.0,0.0,-2789.0,6993.0,6.0,151
2.0,90.0,0.0,0.0,0.0,1.0,0.0,0.0,0.0,0.0,0.0,2.0,0.0,9.0,3.8,0.0,0.0,0.4,0.0,721549.0,6.0,310
11.0,90.0,0.0,1.0,1.0,0.0,0.0,0.0,0.0,0.0,0.0,0.0,2.0,13.0,19.8,0.5,8.0,2.8,6169.0,7762.0,5.5,323
7.0,90.0,0.0,0.0,1.0,0.0,0.0,0.0,0.0,0.0,0.0,0.0,1.0,19.0,37.6,0.8,37.0,7.5,0.0,1528505.0,6.5,73
1.0,29.0,0.0,0.0,0.0,1.0,0.0,0.0,0.0,0.0,0.0,0.0,0.0,9.0,8.6,14.7,26.0,4.9,0.0,182852.0,6.0,292
1.0,90.0,0.0,0.0,0.0,3.0,0.0,0.0,0.0,0.0,0.0,0.0,0.0,23.0,29.6,29.3,2.0,6.1,-7381.0,306344.0,4.5,270
7.0,90.0,0.0,0.0,1.0,0.0,0.0,0.0,0.0,0.0,0.0,0.0,1.0,0.0,0.0,0.0,0.0,0.0,-392.0,64092.0,5.5,331
1.0,59.0,0.0,0.0,0.0,0.0,0.0,0.0,0.0,0.0,0.0,0.0,0.0,25.0,27.8,16.8,33.0,7.8,0.0,4535.0,5.5,52
6.0,90.0,0.0,0.0,1.0,0.0,0.0,0.0,0.0,0.0,0.0,0.0,0.0,14.0,23.4,0.2,18.0,4.2,0.0,33230.0,4.5,172
1.0,45.0,0.0,0.0,0.0,0.0,0.0,0.0,0.0,0.0,0.0,0.0,0.0,0.0,0.0,0.0,0.0,0.0,0.0,20257.0,4.5,9
1.0,18.0,0.0,0.0,0.0,0.0,0.0,0.0,0.0,0.0,0.0,0.0,0.0,3.0,2.4,0.3,0.0,0.3,0.0,99837.0,7.0,327
2.0,90.0,0.0,0.0,0.0,2.0,0.0,0.0,0.0,0.0,0.0,0.0,0.0,3.0,4.4,8.8,4.0,1.7,0.0,33257.0,6.0,126
1.0,28.0,0.0,0.0,0.0,2.0,0.0,0.0,0.0,0.0,0.0,0.0,0.0,0.0,0.0,0.0,0.0,0.0,0.0,75604.0,5.5,46
2.0,65.0,0.0,0.0,0.0,1.0,0.0,0.0,0.0,0.0,0.0,0.0,0.0,1.0,0.0,1.0,8.0,0.7,0.0,102974.0,6.5,252
6.0,90.0,0.0,0.0,1.0,0.0,0.0,0.0,0.0,0.0,0.0,0.0,0.0,15.0,35.6,4.3,0.0,4.0,0.0,237865.0,4.5,141
2.0,90.0,0.0,0.0,1.0,0.0,0.0,0.0,0.0,1.0,0.0,0.0,0.0,10.0,7.0,40.6,49.0,9.7,491.0,688315.0,7.0,350
2.0,90.0,0.0,0.0,0.0,2.0,0.0,0.0,0.0,0.0,0.0,3.0,0.0,12.0,18.2,0.0,0.0,1.8,0.0,462939.0,5.0,177
2.0,90.0,0.0,0.0,1.0,0.0,0.0,0.0,0.0,1.0,0.0,0.0,0.0,8.0,12.0,16.2,1.0,2.9,-1071.0,37251.0,5.5,118
6.0,90.0,0.0,0.0,1.0,0.0,0.0,0.0,0.0,0.0,0.0,2.0,0.0,17.0,22.6,0.0,0.0,2.3,0.0,1400435.0,4.5,282
3.0,86.0,0.0,0.0,1.0,0.0,0.0,0.0,0.0,0.0,0.0,0.0,0.0,15.0,13.2,19.6,26.0,5.9,-1498.0,25260.0,5.0,127
1.0,9.0,0.0,0.0,0.0,0.0,0.0,0.0,0.0,0.0,0.0,0.0,0.0,0.0,0.0,0.0,0.0,0.0,0.0,121096.0,6.0,129
0.0,90.0,0.0,0.0,0.0,2.0,0.0,0.0,0.0,1.0,0.0,0.0,0.0,13.0,19.8,0.5,8.0,2.8,6169.0,7762.0,5.5,323
13.0,90.0,1.0,1.0,1.0,0.0,0.0,0.0,0.0,0.0,0.0,0.0,2.0,10.0,14.0,46.8,35.0,9.6,0.0,1724987.0,9.0,353
2.0,70.0,0.0,0.0,0.0,3.0,0.0,0.0,0.0,0.0,0.0,0.0,0.0,0.0,0.0,0.0,0.0,0.0,0.0,65020.0,4.5,55
2.0,90.0,0.0,0.0,0.0,1.0,0.0,0.0,0.0,0.0,0.0,0.0,0.0,0.0,0.0,0.0,0.0,0.0,0.0,7957.0,4.5,81
6.0,84.0,1.0,0.0,0.0,1.0,0.0,0.0,0.0,0.0,0.0,0.0,0.0,1.0,8.6,11.2,60.0,8.0,0.0,1467030.0,8.5,303
2.0,90.0,0.0,0.0,1.0,0.0,0.0,0.0,0.0,0.0,0.0,0.0,0.0,-7.0,9.2,0.8,19.0,2.9,0.0,403544.0,6.0,113
5.0,90.0,0.0,1.0,0.0,1.0,0.0,0.0,0.0,0.0,0.0,0.0,0.0,8.0,15.4,5.0,0.0,2.0,0.0,66864.0,5.0,123
1.0,90.0,0.0,0.0,0.0,1.0,0.0,0.0,0.0,1.0,0.0,0.0,0.0,8.0,2.0,2.3,0.0,0.4,0.0,10287.0,5.5,20
1.0,31.0,0.0,0.0,0.0,0.0,0.0,0.0,0.0,0.0,0.0,0.0,0.0,5.0,7.2,7.2,23.0,3.7,0.0,54083.0,6.5,61
1.0,19.0,0.0,0.0,0.0,0.0,0.0,0.0,0.0,0.0,0.0,0.0,0.0,0.0,0.0,0.0,0.0,0.0,0.0,10789.0,6.0,178
2.0,78.0,0.0,0.0,0.0,4.0,0.0,0.0,0.0,0.0,0.0,0.0,0.0,18.0,19.8,15.8,4.0,4.0,0.0,13748.0,5.5,288
1.0,90.0,0.0,0.0,0.0,2.0,0.0,0.0,0.0,0.0,0.0,0.0,0.0,25.0,51.8,0.2,17.0,6.9,0.0,53224.0,5.0,340
2.0,90.0,0.0,0.0,0.0,2.0,0.0,0.0,0.0,0.0,0.0,0.0,0.0,0.0,0.0,23.4,34.0,5.6,39937.0,104050.0,6.0,319
3.0,90.0,0.0,0.0,1.0,0.0,0.0,0.0,0.0,0.0,0.0,0.0,0.0,14.0,11.2,10.4,6.0,2.8,0.0,12911.0,5.5,147
7.0,90.0,1.0,0.0,0.0,2.0,0.0,0.0,0.0,1.0,0.0,0.0,1.0,6.0,6.2,11.5,12.0,3.0,0.0,5791.0,4.5,92
0.0,71.0,0.0,0.0,0.0,1.0,0.0,0.0,1.0,0.0,0.0,0.0,0.0,0.0,0.0,0.0,0.0,0.0,0.0,41594.0,6.0,19
7.0,90.0,0.0,0.0,1.0,0.0,0.0,0.0,0.0,0.0,0.0,0.0,1.0,0.0,0.0,0.0,0.0,0.0,0.0,7957.0,4.5,81
2.0,63.0,0.0,0.0,0.0,1.0,0.0,0.0,0.0,0.0,0.0,0.0,0.0,0.0,0.0,0.0,0.0,0.0,0.0,522.0,5.0,73
1.0,90.0,0.0,0.0,0.0,1.0,0.0,0.0,0.0,1.0,0.0,0.0,0.0,16.0,18.0,3.4,0.0,2.1,0.0,75335.0,5.5,89
1.0,90.0,0.0,0.0,0.0,3.0,0.0,0.0,0.0,0.0,0.0,0.0,0.0,16.0,14.2,18.2,0.0,3.2,0.0,0.0,4.5,166
2.0,80.0,0.0,0.0,0.0,2.0,0.0,0.0,0.0,0.0,0.0,0.0,0.0,13.0,17.4,11.4,20.0,4.9,0.0,62869.0,6.0,184
0.0,34.0,0.0,0.0,0.0,0.0,0.0,0.0,0.0,1.0,0.0,0.0,0.0,4.0,0.0,1.6,0.0,0.2,0.0,3307.0,5.0,90
1.0,3.0,0.0,0.0,0.0,0.0,0.0,0.0,0.0,0.0,0.0,0.0,0.0,0.0,0.0,0.0,0.0,0.0,0.0,899.0,5.0,73
2.0,63.0,0.0,0.0,0.0,3.0,0.0,0.0,0.0,0.0,0.0,0.0,0.0,37.0,46.4,18.8,23.0,8.8,20071.0,279640.0,6.5,317
1.0,72.0,0.0,0.0,0.0,3.0,0.0,0.0,0.0,0.0,0.0,0.0,0.0,14.0,11.4,3.4,6.0,2.1,29089.0,36150.0,5.5,69
8.0,90.0,0.0,0.0,1.0,0.0,0.0,0.0,0.0,0.0,0.0,0.0,2.0,0.0,0.0,0.0,0.0,0.0,-392.0,64092.0,5.5,331
7.0,15.0,1.0,0.0,0.0,0.0,0.0,0.0,0.0,0.0,0.0,0.0,1.0,0.0,0.0,0.0,0.0,0.0,-709.0,10543.0,6.0,304
1.0,15.0,0.0,0.0,0.0,0.0,0.0,0.0,0.0,0.0,0.0,0.0,0.0,0.0,0.0,0.0,0.0,0.0,0.0,1682.0,5.0,73
2.0,90.0,0.0,0.0,0.0,4.0,0.0,0.0,0.0,0.0,0.0,0.0,0.0,12.0,7.6,25.3,0.0,3.3,-6566.0,55990.0,5.5,192
1.0,21.0,0.0,0.0,0.0,0.0,0.0,0.0,0.0,0.0,0.0,0.0,0.0,4.0,14.4,11.8,0.0,2.6,0.0,50068.0,4.5,149
0.0,90.0,0.0,0.0,0.0,3.0,0.0,0.0,0.0,1.0,0.0,0.0,0.0,21.0,21.8,0.3,0.0,2.2,0.0,219489.0,4.5,85
2.0,90.0,0.0,0.0,0.0,3.0,0.0,0.0,0.0,0.0,0.0,0.0,0.0,10.0,4.8,11.7,79.0,9.6,0.0,2838333.0,9.5,208
2.0,60.0,0.0,0.0,1.0,0.0,0.0,0.0,0.0,0.0,0.0,0.0,0.0,4.0,1.2,6.0,28.0,3.5,340570.0,1156211.0,9.0,257
3.0,61.0,0.0,0.0,1.0,0.0,0.0,0.0,0.0,0.0,0.0,0.0,0.0,13.0,6.8,37.6,3.0,4.7,-438.0,5016.0,6.0,73
1.0,7.0,0.0,0.0,0.0,0.0,0.0,0.0,0.0,0.0,0.0,0.0,0.0,3.0,3.0,0.3,7.0,1.0,0.0,1435176.0,6.0,137
2.0,90.0,0.0,0.0,0.0,1.0,0.0,0.0,0.0,0.0,0.0,0.0,0.0,15.0,16.8,18.5,2.0,3.7,0.0,87171.0,5.0,256
3.0,90.0,0.0,0.0,1.0,0.0,0.0,0.0,0.0,0.0,0.0,0.0,0.0,4.0,14.4,11.8,0.0,2.6,0.0,50068.0,4.5,149
1.0,22.0,0.0,0.0,0.0,0.0,0.0,0.0,0.0,0.0,0.0,0.0,0.0,9.0,15.8,23.0,35.0,7.4,0.0,120632.0,5.5,193
2.0,90.0,0.0,0.0,0.0,2.0,0.0,0.0,0.0,0.0,0.0,0.0,0.0,12.0,14.4,44.6,22.0,8.1,0.0,20721.0,5.5,93
1.0,45.0,0.0,0.0,0.0,1.0,0.0,0.0,0.0,0.0,0.0,0.0,0.0,11.0,8.8,1.3,0.0,1.0,0.0,196908.0,4.5,275
2.0,66.0,0.0,0.0,0.0,2.0,0.0,0.0,0.0,0.0,0.0,0.0,0.0,3.0,2.4,0.3,0.0,0.3,0.0,99837.0,7.0,327
1.0,5.0,0.0,0.0,0.0,2.0,0.0,0.0,0.0,0.0,0.0,0.0,0.0,4.0,2.0,0.0,2.0,0.4,0.0,87664.0,5.5,16
0.0,90.0,0.0,0.0,0.0,3.0,0.0,0.0,0.0,1.0,0.0,0.0,0.0,4.0,8.8,0.8,6.0,1.6,0.0,1006715.0,5.0,15
2.0,90.0,0.0,0.0,0.0,2.0,0.0,0.0,0.0,0.0,0.0,0.0,0.0,0.0,0.0,0.0,0.0,0.0,0.0,7154.0,5.0,13
1.0,27.0,0.0,0.0,0.0,0.0,0.0,0.0,0.0,0.0,0.0,0.0,0.0,5.0,7.2,7.2,23.0,3.7,0.0,54083.0,6.5,61
0.0,90.0,0.0,0.0,0.0,4.0,0.0,0.0,0.0,0.0,0.0,0.0,0.0,0.0,0.0,0.0,0.0,0.0,0.0,4284.0,4.5,71
3.0,72.0,0.0,0.0,1.0,0.0,0.0,0.0,0.0,0.0,0.0,0.0,0.0,3.0,3.8,1.3,0.0,0.5,0.0,12879.0,6.0,217
5.0,90.0,0.0,0.0,1.0,0.0,0.0,0.0,0.0,1.0,0.0,0.0,0.0,8.0,20.4,10.4,0.0,3.1,1331.0,1969.0,5.0,143
1.0,90.0,0.0,0.0,0.0,2.0,0.0,0.0,0.0,0.0,0.0,0.0,0.0,12.0,24.0,18.6,4.0,4.7,0.0,748080.0,4.5,260
6.0,69.0,0.0,0.0,1.0,0.0,0.0,0.0,0.0,0.0,0.0,0.0,0.0,13.0,19.8,0.5,8.0,2.8,6169.0,7762.0,5.5,323
1.0,27.0,0.0,0.0,0.0,0.0,0.0,0.0,0.0,0.0,0.0,0.0,0.0,0.0,0.0,0.0,0.0,0.0,0.0,2316.0,5.0,49
0.0,6.0,0.0,0.0,0.0,0.0,0.0,0.0,0.0,1.0,0.0,0.0,0.0,8.0,4.4,12.2,0.0,1.7,0.0,143896.0,5.0,26
1.0,90.0,0.0,0.0,0.0,2.0,0.0,0.0,0.0,1.0,0.0,0.0,0.0,16.0,18.0,3.4,0.0,2.1,0.0,75335.0,5.5,89
2.0,90.0,0.0,0.0,0.0,1.0,0.0,0.0,0.0,0.0,0.0,2.0,0.0,17.0,22.6,0.0,0.0,2.3,0.0,1400435.0,4.5,282
1.0,90.0,0.0,0.0,0.0,2.0,0.0,0.0,0.0,0.0,0.0,0.0,0.0,34.0,63.4,0.2,38.0,10.2,0.0,177607.0,5.0,320
0.0,90.0,0.0,0.0,0.0,3.0,0.0,0.0,0.0,1.0,0.0,0.0,0.0,2.0,0.2,0.5,0.0,0.1,0.0,21428.0,5.0,76
2.0,81.0,0.0,0.0,0.0,1.0,0.0,0.0,0.0,0.0,0.0,0.0,0.0,23.0,43.6,6.5,19.0,6.9,0.0,30491.0,5.5,326
1.0,90.0,0.0,0.0,0.0,2.0,0.0,0.0,0.0,0.0,0.0,0.0,0.0,14.0,11.4,1.5,2.0,1.5,0.0,135308.0,5.0,51
2.0,90.0,0.0,0.0,0.0,1.0,0.0,0.0,0.0,0.0,0.0,0.0,0.0,3.0,3.0,0.3,7.0,1.0,0.0,1435176.0,6.0,137
3.0,90.0,0.0,0.0,0.0,1.0,0.0,0.0,0.0,0.0,0.0,3.0,0.0,15.0,20.0,0.0,0.0,2.0,0.0,296409.0,5.5,274
1.0,90.0,0.0,0.0,0.0,1.0,0.0,0.0,0.0,1.0,0.0,0.0,0.0,5.0,0.0,2.5,24.0,2.7,0.0,215629.0,6.5,167
2.0,84.0,0.0,0.0,0.0,1.0,0.0,0.0,0.0,0.0,0.0,0.0,0.0,10.0,14.0,46.8,35.0,9.6,0.0,1724987.0,9.0,353
1.0,90.0,0.0,0.0,0.0,2.0,0.0,0.0,0.0,0.0,0.0,0.0,0.0,12.0,18.4,1.1,17.0,3.7,0.0,30741.0,5.0,219
2.0,90.0,0.0,0.0,0.0,1.0,0.0,0.0,0.0,0.0,0.0,0.0,0.0,18.0,31.6,1.4,21.0,5.4,0.0,461359.0,7.0,334
1.0,7.0,0.0,0.0,0.0,0.0,0.0,0.0,0.0,0.0,0.0,0.0,0.0,0.0,0.0,0.0,0.0,0.0,0.0,30923.0,6.5,101
1.0,90.0,0.0,0.0,0.0,2.0,0.0,0.0,0.0,0.0,0.0,0.0,0.0,14.0,14.8,4.6,4.0,2.3,11004.0,276468.0,5.5,231
1.0,68.0,0.0,0.0,0.0,2.0,0.0,0.0,0.0,0.0,0.0,0.0,0.0,0.0,0.0,0.0,0.0,0.0,0.0,44238.0,4.5,243
4.0,90.0,0.0,0.0,0.0,1.0,0.0,0.0,0.0,0.0,0.0,0.0,2.0,16.0,15.4,18.2,20.0,5.4,0.0,2728.0,5.0,181
8.0,13.0,1.0,0.0,0.0,0.0,0.0,0.0,0.0,0.0,0.0,0.0,3.0,3.0,0.0,0.0,0.0,0.0,0.0,112190.0,6.0,59
6.0,90.0,0.0,0.0,1.0,0.0,0.0,0.0,0.0,0.0,0.0,0.0,0.0,15.0,14.6,0.0,8.0,2.3,140.0,304.0,4.5,227
2.0,74.0,0.0,0.0,0.0,1.0,0.0,0.0,0.0,0.0,0.0,0.0,0.0,19.0,41.0,0.1,0.0,4.1,0.0,97197.0,4.0,136
1.0,6.0,0.0,0.0,0.0,0.0,0.0,0.0,0.0,0.0,0.0,0.0,0.0,21.0,26.0,37.0,28.0,9.1,-813.0,21842.0,5.0,230
0.0,90.0,0.0,0.0,0.0,2.0,0.0,0.0,0.0,1.0,0.0,0.0,0.0,13.0,13.2,6.9,6.0,2.6,0.0,340758.0,5.5,30
2.0,90.0,0.0,0.0,1.0,0.0,0.0,0.0,0.0,1.0,0.0,0.0,0.0,24.0,36.4,24.6,1.0,6.2,0.0,138291.0,5.0,140
1.0,3.0,0.0,0.0,0.0,0.0,0.0,0.0,0.0,0.0,0.0,0.0,0.0,3.0,3.0,0.3,7.0,1.0,0.0,1435176.0,6.0,137
1.0,18.0,0.0,0.0,0.0,0.0,0.0,0.0,0.0,0.0,0.0,0.0,0.0,8.0,18.0,18.3,66.0,10.2,0.0,251556.0,7.0,314
1.0,33.0,0.0,0.0,0.0,1.0,0.0,0.0,0.0,0.0,0.0,0.0,0.0,69.0,117.2,50.1,161.0,32.8,0.0,1883241.0,12.0,354
2.0,90.0,0.0,0.0,0.0,1.0,0.0,0.0,0.0,0.0,0.0,0.0,0.0,29.0,22.0,0.0,0.0,2.2,0.0,556410.0,5.0,142
1.0,1.0,0.0,0.0,0.0,0.0,0.0,0.0,0.0,0.0,0.0,0.0,0.0,6.0,3.0,0.4,0.0,0.3,0.0,3045.0,5.0,10
1.0,90.0,0.0,0.0,0.0,2.0,0.0,0.0,0.0,1.0,0.0,0.0,0.0,6.0,4.8,36.4,19.0,6.0,-823.0,34888.0,5.5,293
1.0,19.0,0.0,0.0,0.0,0.0,0.0,0.0,0.0,0.0,0.0,0.0,0.0,3.0,7.0,14.0,48.0,6.9,0.0,21822.0,5.5,131
1.0,13.0,0.0,0.0,0.0,0.0,0.0,0.0,0.0,0.0,0.0,0.0,0.0,5.0,0.0,2.5,24.0,2.7,0.0,215629.0,6.5,167
15.0,90.0,1.0,0.0,1.0,0.0,0.0,0.0,0.0,0.0,0.0,0.0,3.0,37.0,51.8,0.3,33.0,8.5,0.0,85593.0,5.0,194
13.0,90.0,1.0,1.0,1.0,0.0,0.0,0.0,0.0,0.0,0.0,0.0,2.0,5.0,1.4,0.3,2.0,0.4,2052.0,2616.0,6.0,188
1.0,28.0,0.0,0.0,0.0,1.0,0.0,0.0,0.0,0.0,0.0,0.0,0.0,0.0,0.0,0.0,0.0,0.0,1454.0,2009.0,6.0,179
0.0,90.0,0.0,0.0,0.0,4.0,0.0,0.0,0.0,0.0,0.0,0.0,0.0,22.0,13.2,0.7,0.0,1.4,0.0,105207.0,4.5,111
1.0,59.0,0.0,0.0,0.0,0.0,0.0,0.0,0.0,0.0,0.0,0.0,0.0,38.0,45.8,3.0,35.0,8.4,0.0,67356.0,5.5,338
2.0,90.0,0.0,0.0,0.0,1.0,0.0,0.0,0.0,0.0,0.0,0.0,0.0,0.0,0.0,0.0,0.0,0.0,0.0,108444.0,4.0,253
1.0,45.0,0.0,0.0,0.0,0.0,0.0,0.0,0.0,0.0,0.0,0.0,0.0,5.0,7.2,0.0,0.0,0.7,0.0,4908.0,5.0,8
8.0,90.0,0.0,0.0,1.0,0.0,0.0,0.0,0.0,0.0,0.0,0.0,2.0,0.0,0.0,0.0,0.0,0.0,-7386.0,20376.0,5.0,308
1.0,58.0,0.0,0.0,0.0,1.0,0.0,0.0,0.0,0.0,0.0,0.0,0.0,10.0,5.8,7.2,38.0,5.1,0.0,248434.0,9.5,305
0.0,45.0,0.0,0.0,0.0,1.0,0.0,0.0,0.0,1.0,0.0,0.0,0.0,4.0,3.4,0.3,0.0,0.4,0.0,5118.0,5.5,150
2.0,90.0,0.0,0.0,0.0,1.0,0.0,0.0,0.0,0.0,0.0,0.0,0.0,0.0,0.0,0.0,0.0,0.0,59156.0,865810.0,5.5,250
1.0,90.0,0.0,0.0,0.0,1.0,0.0,0.0,0.0,1.0,0.0,0.0,0.0,3.0,3.0,0.3,7.0,1.0,0.0,1435176.0,6.0,137
7.0,90.0,0.0,0.0,1.0,0.0,0.0,0.0,0.0,0.0,0.0,0.0,1.0,4.0,8.8,0.8,6.0,1.6,0.0,1006715.0,5.0,15
2.0,90.0,0.0,0.0,0.0,2.0,0.0,0.0,0.0,0.0,0.0,0.0,0.0,17.0,13.8,6.2,9.0,2.9,0.0,127919.0,6.5,296
2.0,90.0,0.0,0.0,0.0,1.0,0.0,0.0,0.0,0.0,0.0,0.0,0.0,15.0,14.6,0.0,8.0,2.3,140.0,304.0,4.5,227
2.0,90.0,0.0,0.0,0.0,1.0,0.0,0.0,0.0,0.0,0.0,0.0,0.0,0.0,0.0,0.0,0.0,0.0,0.0,51564.0,4.5,107
3.0,90.0,0.0,0.0,1.0,0.0,0.0,0.0,0.0,0.0,0.0,0.0,0.0,11.0,10.4,23.2,9.0,4.3,-224.0,2586.0,5.0,133
6.0,90.0,0.0,1.0,1.0,0.0,0.0,0.0,0.0,0.0,0.0,0.0,0.0,8.0,8.4,14.8,0.0,2.3,0.0,755977.0,8.5,135
2.0,90.0,0.0,0.0,0.0,1.0,0.0,0.0,0.0,0.0,0.0,0.0,0.0,14.0,17.8,0.7,2.0,2.1,0.0,17362.0,5.0,73
2.0,90.0,0.0,0.0,0.0,1.0,0.0,0.0,0.0,0.0,0.0,0.0,0.0,14.0,13.2,45.5,75.0,13.4,0.0,807314.0,12.0,332
8.0,90.0,0.0,0.0,1.0,0.0,0.0,0.0,0.0,0.0,0.0,0.0,2.0,0.0,0.0,0.0,0.0,0.0,-392.0,64092.0,5.5,331
2.0,90.0,0.0,0.0,0.0,3.0,0.0,0.0,0.0,0.0,0.0,0.0,0.0,28.0,40.0,0.5,27.0,6.8,0.0,226666.0,5.5,345
2.0,90.0,0.0,0.0,0.0,1.0,0.0,0.0,0.0,0.0,0.0,0.0,0.0,11.0,8.2,31.3,10.0,5.0,111651.0,445991.0,9.5,307
6.0,90.0,0.0,1.0,0.0,3.0,0.0,0.0,0.0,0.0,0.0,0.0,1.0,10.0,10.2,36.0,14.0,6.0,0.0,33140.0,6.0,108
1.0,58.0,0.0,0.0,0.0,5.0,0.0,0.0,0.0,0.0,0.0,0.0,0.0,0.0,0.0,0.0,0.0,0.0,0.0,9364.0,6.0,73
6.0,90.0,0.0,1.0,1.0,0.0,0.0,0.0,0.0,0.0,0.0,0.0,0.0,42.0,85.2,71.6,64.0,22.1,344561.0,2063222.0,11.5,348
2.0,70.0,0.0,0.0,0.0,2.0,0.0,0.0,0.0,0.0,0.0,0.0,0.0,10.0,7.4,26.4,0.0,3.4,0.0,7285.0,5.5,202
1.0,33.0,0.0,0.0,0.0,1.0,0.0,0.0,0.0,0.0,0.0,0.0,0.0,10.0,5.8,7.2,38.0,5.1,0.0,248434.0,9.5,305
1.0,1.0,0.0,0.0,0.0,0.0,0.0,0.0,0.0,0.0,0.0,0.0,0.0,4.0,1.2,0.8,0.0,0.2,0.0,2432.0,5.0,41
2.0,90.0,0.0,0.0,0.0,2.0,0.0,0.0,0.0,0.0,0.0,0.0,0.0,2.0,0.8,2.7,8.0,1.2,0.0,64923.0,5.5,258
3.0,90.0,0.0,0.0,1.0,0.0,0.0,0.0,0.0,0.0,0.0,0.0,0.0,10.0,7.0,40.6,49.0,9.7,491.0,688315.0,7.0,350
1.0,2.0,0.0,0.0,0.0,0.0,0.0,0.0,0.0,0.0,0.0,0.0,0.0,0.0,0.0,0.0,0.0,0.0,0.0,2974.0,6.5,86
1.0,22.0,0.0,0.0,0.0,1.0,0.0,0.0,0.0,0.0,0.0,0.0,0.0,0.0,0.0,0.0,0.0,0.0,0.0,75604.0,5.5,46
0.0,90.0,0.0,0.0,0.0,4.0,0.0,0.0,0.0,0.0,0.0,2.0,0.0,12.0,11.6,0.0,0.0,1.2,0.0,1121565.0,4.5,109
9.0,76.0,1.0,0.0,1.0,0.0,0.0,0.0,0.0,0.0,0.0,0.0,3.0,1.0,8.6,11.2,60.0,8.0,0.0,1467030.0,8.5,303
1.0,90.0,0.0,0.0,0.0,2.0,0.0,0.0,0.0,0.0,0.0,0.0,0.0,0.0,0.0,0.0,0.0,0.0,91.0,232.0,4.5,171
7.0,90.0,0.0,0.0,1.0,0.0,0.0,0.0,0.0,0.0,0.0,0.0,1.0,11.0,8.8,1.3,0.0,1.0,0.0,196908.0,4.5,275
1.0,25.0,0.0,0.0,0.0,1.0,0.0,0.0,0.0,0.0,0.0,0.0,0.0,0.0,0.0,0.0,0.0,0.0,0.0,824870.0,4.0,73
-1.0,15.0,0.0,0.0,0.0,2.0,0.0,0.0,0.0,1.0,0.0,0.0,0.0,0.0,0.0,0.0,0.0,0.0,-750.0,22571.0,4.5,73
8.0,83.0,1.0,0.0,0.0,1.0,0.0,0.0,0.0,0.0,0.0,0.0,1.0,69.0,117.2,50.1,161.0,32.8,0.0,1883241.0,12.0,354
10.0,90.0,1.0,0.0,0.0,1.0,0.0,0.0,0.0,0.0,0.0,0.0,3.0,0.0,0.0,0.0,0.0,0.0,2066.0,38249.0,5.5,342
5.0,90.0,0.0,1.0,0.0,1.0,0.0,0.0,0.0,0.0,0.0,0.0,0.0,3.0,4.4,13.1,21.0,3.9,0.0,279992.0,6.0,273
4.0,90.0,0.0,1.0,0.0,2.0,0.0,0.0,0.0,1.0,0.0,0.0,0.0,7.0,15.6,6.8,16.0,3.8,15876.0,141119.0,8.0,220
7.0,90.0,0.0,0.0,1.0,0.0,0.0,0.0,0.0,0.0,0.0,0.0,1.0,0.0,0.0,0.0,0.0,0.0,0.0,236728.0,5.5,328
2.0,90.0,0.0,0.0,0.0,1.0,0.0,0.0,0.0,0.0,0.0,0.0,0.0,0.0,0.0,0.0,0.0,0.0,0.0,3326.0,4.5,170
0.0,90.0,0.0,0.0,0.0,2.0,0.0,0.0,0.0,1.0,0.0,0.0,0.0,0.0,0.0,0.0,0.0,0.0,0.0,1369.0,4.5,226
1.0,90.0,0.0,0.0,0.0,3.0,0.0,0.0,0.0,0.0,0.0,0.0,0.0,21.0,19.2,24.8,0.0,4.4,260.0,326.0,4.5,271
2.0,90.0,0.0,0.0,0.0,2.0,0.0,0.0,0.0,0.0,0.0,0.0,0.0,10.0,14.0,46.8,35.0,9.6,0.0,1724987.0,9.0,353
8.0,89.0,1.0,0.0,0.0,1.0,0.0,0.0,0.0,0.0,0.0,0.0,1.0,69.0,117.2,50.1,161.0,32.8,0.0,1883241.0,12.0,354
2.0,68.0,0.0,0.0,0.0,1.0,0.0,0.0,0.0,0.0,0.0,0.0,0.0,6.0,6.2,11.5,12.0,3.0,0.0,5791.0,4.5,92
0.0,90.0,0.0,0.0,0.0,2.0,0.0,0.0,0.0,1.0,0.0,0.0,0.0,14.0,19.4,62.3,2.0,8.4,0.0,41931.0,4.5,180
6.0,90.0,0.0,0.0,1.0,0.0,0.0,0.0,0.0,0.0,0.0,0.0,0.0,12.0,16.6,0.0,0.0,1.7,8554.0,296170.0,5.5,244
3.0,90.0,0.0,0.0,1.0,0.0,0.0,0.0,0.0,0.0,0.0,0.0,0.0,6.0,4.8,36.4,19.0,6.0,-823.0,34888.0,5.5,293
1.0,9.0,0.0,0.0,0.0,0.0,0.0,0.0,0.0,0.0,0.0,0.0,0.0,3.0,0.0,0.0,0.0,0.0,165.0,259.0,5.0,73
2.0,68.0,0.0,0.0,0.0,1.0,0.0,0.0,0.0,0.0,0.0,0.0,0.0,11.0,9.8,3.5,0.0,1.3,0.0,17814.0,4.5,117
3.0,71.0,0.0,0.0,1.0,0.0,0.0,0.0,0.0,0.0,0.0,0.0,0.0,17.0,22.2,14.7,29.0,6.6,70648.0,322864.0,11.5,335
11.0,90.0,1.0,1.0,0.0,3.0,0.0,0.0,0.0,1.0,0.0,0.0,2.0,15.0,6.6,17.4,4.0,2.8,0.0,280881.0,6.0,229
1.0,35.0,0.0,0.0,0.0,1.0,0.0,0.0,0.0,0.0,0.0,0.0,0.0,0.0,0.0,0.0,0.0,0.0,1454.0,2009.0,6.0,179
2.0,79.0,0.0,0.0,0.0,1.0,0.0,0.0,0.0,0.0,0.0,0.0,0.0,13.0,25.6,78.4,25.0,12.9,451998.0,1623046.0,10.5,352
2.0,90.0,0.0,0.0,0.0,1.0,0.0,0.0,0.0,0.0,0.0,0.0,0.0,31.0,19.4,39.8,0.0,5.9,0.0,76806.0,4.5,43
6.0,90.0,0.0,0.0,1.0,0.0,0.0,0.0,0.0,0.0,0.0,0.0,0.0,25.0,51.8,0.2,17.0,6.9,0.0,53224.0,5.0,340
8.0,21.0,1.0,0.0,0.0,0.0,0.0,0.0,0.0,0.0,0.0,0.0,3.0,0.0,0.0,0.0,0.0,0.0,0.0,3224.0,6.0,6
9.0,89.0,1.0,0.0,0.0,1.0,0.0,0.0,0.0,0.0,0.0,0.0,2.0,9.0,11.2,12.8,2.0,2.6,380.0,436.0,5.0,269
1.0,90.0,0.0,0.0,0.0,2.0,0.0,0.0,0.0,0.0,0.0,0.0,0.0,15.0,20.2,35.5,36.0,9.2,0.0,155868.0,5.0,160
4.0,90.0,0.0,1.0,0.0,2.0,0.0,0.0,0.0,0.0,0.0,0.0,0.0,14.0,14.8,4.6,4.0,2.3,11004.0,276468.0,5.5,231
2.0,75.0,0.0,0.0,0.0,2.0,0.0,0.0,0.0,0.0,0.0,0.0,0.0,4.0,5.6,10.3,0.0,1.6,0.0,158296.0,5.5,82
1.0,13.0,0.0,0.0,0.0,0.0,0.0,0.0,0.0,0.0,0.0,0.0,0.0,2.0,3.6,11.2,13.0,2.8,-3221.0,51558.0,6.0,35
3.0,90.0,0.0,0.0,0.0,3.0,0.0,0.0,0.0,0.0,0.0,7.0,0.0,16.0,31.2,0.0,0.0,3.1,0.0,43295.0,4.5,157
5.0,90.0,0.0,1.0,0.0,1.0,0.0,0.0,0.0,0.0,0.0,0.0,0.0,0.0,0.0,0.0,0.0,0.0,680.0,876.0,5.5,330
5.0,90.0,0.0,1.0,0.0,1.0,0.0,0.0,0.0,0.0,0.0,0.0,0.0,11.0,6.8,17.2,21.0,4.5,0.0,42909.0,5.5,124
1.0,32.0,0.0,0.0,0.0,0.0,0.0,0.0,0.0,0.0,0.0,0.0,0.0,10.0,10.2,36.0,14.0,6.0,0.0,33140.0,6.0,108
2.0,90.0,0.0,0.0,0.0,1.0,0.0,0.0,0.0,0.0,0.0,1.0,0.0,0.0,0.0,0.0,0.0,0.0,0.0,0.0,4.5,73
0.0,90.0,0.0,0.0,0.0,3.0,0.0,0.0,0.0,1.0,0.0,0.0,0.0,14.0,30.0,1.1,6.0,3.7,0.0,25125.0,5.0,266
2.0,90.0,0.0,0.0,0.0,1.0,0.0,0.0,0.0,0.0,0.0,0.0,0.0,16.0,17.0,58.6,23.0,9.9,0.0,471986.0,7.5,339
1.0,58.0,0.0,0.0,0.0,0.0,0.0,0.0,0.0,0.0,0.0,0.0,0.0,0.0,0.0,0.0,0.0,0.0,0.0,0.0,4.5,73
0.0,90.0,0.0,0.0,0.0,2.0,0.0,0.0,0.0,1.0,0.0,0.0,0.0,0.0,0.0,0.0,0.0,0.0,1337.0,2348.0,4.5,110
1.0,45.0,0.0,0.0,0.0,0.0,0.0,0.0,0.0,0.0,0.0,0.0,0.0,0.0,0.0,0.0,0.0,0.0,0.0,2974.0,6.5,86
2.0,90.0,0.0,0.0,0.0,1.0,0.0,0.0,0.0,0.0,0.0,1.0,0.0,12.0,18.2,0.0,0.0,1.8,0.0,462939.0,5.0,177
5.0,64.0,0.0,1.0,0.0,1.0,0.0,0.0,0.0,0.0,0.0,0.0,0.0,2.0,0.0,0.3,0.0,0.0,-2600.0,79393.0,7.0,212
7.0,90.0,1.0,0.0,1.0,0.0,0.0,0.0,0.0,0.0,0.0,0.0,1.0,3.0,4.4,13.1,21.0,3.9,0.0,279992.0,6.0,273
15.0,90.0,1.0,0.0,1.0,0.0,0.0,0.0,0.0,0.0,0.0,0.0,3.0,44.0,47.0,0.3,33.0,8.0,-696.0,12720.0,4.5,255
2.0,90.0,0.0,0.0,0.0,1.0,0.0,0.0,0.0,0.0,0.0,0.0,0.0,32.0,20.0,13.0,2.0,3.5,0.0,681843.0,4.5,285
2.0,83.0,0.0,0.0,0.0,2.0,0.0,0.0,0.0,0.0,0.0,0.0,0.0,0.0,0.0,0.0,0.0,0.0,-709.0,10543.0,6.0,304
2.0,90.0,0.0,0.0,0.0,1.0,0.0,0.0,0.0,0.0,0.0,0.0,0.0,14.0,11.2,10.4,6.0,2.8,0.0,12911.0,5.5,147
3.0,90.0,0.0,0.0,1.0,0.0,0.0,0.0,0.0,0.0,1.0,0.0,0.0,6.0,20.0,3.5,35.0,5.9,0.0,1485702.0,6.0,283
2.0,90.0,0.0,0.0,1.0,0.0,0.0,0.0,0.0,1.0,0.0,0.0,0.0,12.0,7.6,25.3,0.0,3.3,-6566.0,55990.0,5.5,192
5.0,90.0,0.0,0.0,1.0,0.0,0.0,0.0,0.0,1.0,0.0,0.0,0.0,18.0,0.8,11.0,2.0,1.4,-2667.0,59892.0,4.5,287
1.0,21.0,0.0,0.0,0.0,0.0,0.0,0.0,0.0,0.0,0.0,0.0,0.0,6.0,6.8,27.2,2.0,3.6,0.0,78657.0,6.5,99
13.0,90.0,1.0,1.0,0.0,1.0,0.0,0.0,0.0,0.0,0.0,0.0,3.0,18.0,31.6,1.4,21.0,5.4,0.0,461359.0,7.0,334
1.0,9.0,0.0,0.0,0.0,1.0,0.0,0.0,0.0,0.0,0.0,0.0,0.0,0.0,0.0,0.0,0.0,0.0,0.0,339175.0,4.5,27
1.0,90.0,0.0,0.0,0.0,2.0,0.0,0.0,0.0,0.0,0.0,0.0,0.0,0.0,0.0,0.0,0.0,0.0,8063.0,10638.0,5.5,289
2.0,90.0,0.0,0.0,0.0,3.0,0.0,0.0,0.0,0.0,0.0,0.0,0.0,7.0,12.4,21.6,46.0,8.0,0.0,367903.0,5.0,295
7.0,90.0,1.0,0.0,0.0,2.0,0.0,0.0,0.0,0.0,0.0,0.0,0.0,11.0,18.6,2.8,4.0,2.5,834.0,128704.0,5.0,205
0.0,90.0,0.0,0.0,0.0,5.0,0.0,0.0,0.0,0.0,0.0,0.0,0.0,6.0,6.2,11.5,12.0,3.0,0.0,5791.0,4.5,92
6.0,90.0,0.0,0.0,1.0,0.0,0.0,0.0,0.0,0.0,0.0,1.0,0.0,17.0,22.6,0.0,0.0,2.3,0.0,1400435.0,4.5,282
3.0,90.0,0.0,0.0,1.0,0.0,0.0,0.0,0.0,0.0,0.0,0.0,0.0,15.0,21.6,14.5,8.0,4.4,0.0,305763.0,5.0,128
2.0,90.0,0.0,0.0,0.0,7.0,0.0,0.0,0.0,0.0,0.0,0.0,0.0,9.0,15.8,23.0,35.0,7.4,0.0,120632.0,5.5,193
1.0,90.0,0.0,0.0,0.0,1.0,0.0,0.0,0.0,1.0,0.0,0.0,0.0,15.0,12.8,7.8,2.0,2.3,20945.0,111268.0,5.0,222
2.0,90.0,0.0,0.0,0.0,1.0,0.0,0.0,0.0,0.0,0.0,0.0,0.0,34.0,38.4,13.7,34.0,8.6,0.0,387691.0,7.0,349
2.0,90.0,0.0,0.0,0.0,1.0,0.0,0.0,0.0,0.0,0.0,0.0,0.0,4.0,8.8,0.8,6.0,1.6,0.0,1006715.0,5.0,15
7.0,70.0,1.0,0.0,0.0,5.0,0.0,0.0,0.0,0.0,0.0,0.0,0.0,3.0,4.8,12.8,9.0,2.7,0.0,37744.0,5.5,79
1.0,90.0,0.0,0.0,0.0,3.0,0.0,0.0,0.0,0.0,0.0,0.0,0.0,0.0,0.0,0.0,0.0,0.0,0.0,20402.0,5.0,73
5.0,90.0,0.0,1.0,0.0,3.0,0.0,0.0,0.0,0.0,0.0,0.0,0.0,18.0,19.8,15.8,4.0,4.0,0.0,13748.0,5.5,288
18.0,90.0,1.0,1.0,1.0,0.0,0.0,0.0,0.0,0.0,0.0,0.0,3.0,25.0,12.8,2.5,2.0,1.7,0.0,686005.0,5.5,169
1.0,1.0,0.0,0.0,0.0,0.0,0.0,0.0,0.0,0.0,0.0,0.0,0.0,0.0,0.0,0.0,0.0,0.0,0.0,444.0,6.0,73
3.0,90.0,0.0,0.0,1.0,0.0,0.0,0.0,0.0,0.0,0.0,0.0,0.0,15.0,13.2,19.6,26.0,5.9,-1498.0,25260.0,5.0,127
8.0,90.0,0.0,1.0,0.0,1.0,0.0,0.0,0.0,0.0,0.0,0.0,3.0,0.0,0.0,0.0,0.0,0.0,0.0,7125.0,5.5,221
12.0,90.0,1.0,1.0,1.0,0.0,0.0,0.0,0.0,0.0,0.0,0.0,1.0,0.0,0.0,0.0,0.0,0.0,19355.0,151442.0,8.5,316
7.0,90.0,0.0,1.0,0.0,2.0,0.0,0.0,0.0,0.0,0.0,0.0,2.0,10.0,7.0,40.6,49.0,9.7,491.0,688315.0,7.0,350
6.0,90.0,0.0,0.0,1.0,0.0,0.0,0.0,0.0,0.0,0.0,0.0,0.0,0.0,0.0,0.0,0.0,0.0,0.0,11269.0,4.5,215
2.0,72.0,0.0,0.0,1.0,0.0,0.0,0.0,0.0,1.0,0.0,0.0,0.0,0.0,0.0,0.0,0.0,0.0,0.0,12449.0,5.5,144
1.0,64.0,0.0,0.0,0.0,2.0,0.0,0.0,0.0,0.0,0.0,0.0,0.0,27.0,22.4,19.7,2.0,4.4,0.0,21964.0,4.5,201
10.0,90.0,1.0,0.0,1.0,0.0,0.0,0.0,0.0,0.0,0.0,0.0,2.0,0.0,0.0,0.0,0.0,0.0,0.0,23082.0,5.5,251
1.0,24.0,0.0,0.0,0.0,1.0,0.0,0.0,0.0,0.0,0.0,0.0,0.0,2.0,2.4,13.3,2.0,1.8,0.0,32021.0,4.5,87
5.0,90.0,0.0,0.0,1.0,0.0,0.0,0.0,0.0,1.0,0.0,0.0,0.0,12.0,24.0,18.6,4.0,4.7,0.0,748080.0,4.5,260
6.0,90.0,0.0,0.0,1.0,0.0,0.0,0.0,0.0,0.0,0.0,0.0,0.0,25.0,12.8,2.5,2.0,1.7,0.0,686005.0,5.5,169
1.0,45.0,0.0,0.0,0.0,0.0,0.0,0.0,0.0,0.0,0.0,0.0,0.0,2.0,2.4,10.7,28.0,4.1,0.0,35853.0,6.5,199
0.0,90.0,0.0,0.0,0.0,2.0,0.0,0.0,0.0,1.0,0.0,0.0,0.0,0.0,0.0,0.0,0.0,0.0,0.0,5818.0,5.5,130
2.0,90.0,0.0,0.0,0.0,1.0,0.0,0.0,0.0,0.0,0.0,0.0,0.0,12.0,7.6,25.3,0.0,3.3,-6566.0,55990.0,5.5,192
3.0,90.0,0.0,0.0,1.0,0.0,0.0,0.0,0.0,0.0,0.0,0.0,0.0,19.0,17.2,2.8,4.0,2.4,0.0,234920.0,5.0,112
1.0,51.0,0.0,0.0,0.0,0.0,0.0,0.0,0.0,0.0,0.0,0.0,0.0,37.0,46.4,18.8,23.0,8.8,20071.0,279640.0,6.5,317
10.0,90.0,0.0,1.0,1.0,0.0,0.0,0.0,0.0,0.0,0.0,0.0,1.0,28.0,20.6,1.2,0.0,2.2,0.0,71148.0,4.5,203
1.0,90.0,0.0,0.0,0.0,3.0,0.0,0.0,0.0,0.0,0.0,0.0,0.0,12.0,24.0,18.6,4.0,4.7,0.0,748080.0,4.5,260
1.0,8.0,0.0,0.0,0.0,0.0,0.0,0.0,0.0,0.0,0.0,0.0,0.0,0.0,0.0,0.0,0.0,0.0,0.0,10890.0,4.5,73
2.0,90.0,0.0,0.0,0.0,1.0,0.0,0.0,0.0,0.0,0.0,0.0,0.0,10.0,14.0,46.8,35.0,9.6,0.0,1724987.0,9.0,353
2.0,90.0,0.0,0.0,0.0,2.0,0.0,0.0,0.0,0.0,0.0,0.0,0.0,16.0,18.0,3.4,0.0,2.1,0.0,75335.0,5.5,89
1.0,9.0,0.0,0.0,0.0,0.0,0.0,0.0,0.0,0.0,0.0,0.0,0.0,3.0,0.0,0.0,0.0,0.0,0.0,112190.0,6.0,59
1.0,55.0,0.0,0.0,0.0,3.0,0.0,0.0,0.0,0.0,0.0,0.0,0.0,3.0,4.4,0.7,0.0,0.5,0.0,3104.0,5.5,14
1.0,23.0,0.0,0.0,0.0,0.0,0.0,0.0,0.0,0.0,0.0,0.0,0.0,-2.0,0.0,1.8,5.0,0.2,0.0,6711.0,5.0,2
1.0,17.0,0.0,0.0,0.0,0.0,0.0,0.0,0.0,0.0,0.0,0.0,0.0,4.0,7.2,0.3,17.0,2.5,-260.0,4930.0,5.0,211
-2.0,36.0,0.0,0.0,0.0,3.0,0.0,0.0,0.0,0.0,1.0,0.0,0.0,11.0,8.8,11.3,0.0,2.0,0.0,10809.0,5.0,48
2.0,90.0,0.0,0.0,0.0,2.0,0.0,0.0,0.0,0.0,0.0,3.0,0.0,0.0,0.0,0.0,0.0,0.0,0.0,18419.0,4.5,73
11.0,90.0,1.0,0.0,1.0,0.0,0.0,0.0,0.0,0.0,0.0,0.0,3.0,17.0,22.2,14.7,29.0,6.6,70648.0,322864.0,11.5,335
7.0,90.0,1.0,0.0,0.0,4.0,0.0,0.0,0.0,0.0,0.0,0.0,1.0,28.0,40.0,0.5,27.0,6.8,0.0,226666.0,5.5,345
1.0,90.0,0.0,0.0,0.0,3.0,0.0,0.0,0.0,1.0,0.0,0.0,0.0,0.0,0.0,0.0,0.0,0.0,0.0,650190.0,8.5,206
2.0,64.0,0.0,0.0,1.0,0.0,0.0,0.0,0.0,0.0,0.0,0.0,0.0,2.0,3.6,11.2,13.0,2.8,-3221.0,51558.0,6.0,35
6.0,90.0,0.0,0.0,1.0,0.0,0.0,0.0,0.0,0.0,0.0,0.0,0.0,27.0,23.2,0.4,1.0,2.5,0.0,54492.0,5.5,254
7.0,90.0,0.0,0.0,1.0,0.0,0.0,0.0,0.0,0.0,0.0,0.0,1.0,12.0,18.4,1.1,17.0,3.7,0.0,30741.0,5.0,219
9.0,76.0,1.0,0.0,1.0,0.0,0.0,0.0,0.0,0.0,0.0,0.0,1.0,4.0,2.8,12.3,0.0,1.5,0.0,81625.0,7.0,294
6.0,90.0,0.0,0.0,1.0,0.0,0.0,0.0,0.0,0.0,0.0,2.0,0.0,17.0,22.6,0.0,0.0,2.3,0.0,1400435.0,4.5,282
1.0,20.0,0.0,0.0,0.0,0.0,0.0,0.0,0.0,0.0,0.0,0.0,0.0,5.0,4.2,10.6,36.0,5.1,3138.0,48709.0,5.0,17
1.0,90.0,0.0,0.0,0.0,2.0,0.0,0.0,0.0,1.0,0.0,0.0,0.0,13.0,4.2,1.0,2.0,0.7,0.0,76886.0,5.5,145
1.0,15.0,0.0,0.0,0.0,0.0,0.0,0.0,0.0,0.0,0.0,0.0,0.0,0.0,0.0,0.0,0.0,0.0,714.0,1033.0,5.0,233
6.0,90.0,0.0,0.0,1.0,0.0,0.0,0.0,0.0,0.0,0.0,0.0,0.0,0.0,0.0,0.0,0.0,0.0,0.0,108444.0,4.0,253
2.0,67.0,0.0,0.0,0.0,1.0,0.0,0.0,0.0,0.0,0.0,0.0,0.0,12.0,6.4,11.4,6.0,2.4,964.0,1431.0,5.5,73
2.0,90.0,0.0,0.0,0.0,1.0,0.0,0.0,0.0,0.0,0.0,0.0,0.0,13.0,17.4,0.7,0.0,1.8,0.0,95090.0,5.0,200
0.0,90.0,0.0,0.0,0.0,5.0,1.0,0.0,0.0,0.0,0.0,0.0,0.0,4.0,0.0,1.6,0.0,0.2,0.0,3307.0,5.0,90
3.0,90.0,0.0,0.0,1.0,0.0,0.0,0.0,0.0,0.0,0.0,0.0,0.0,15.0,27.2,1.2,0.0,2.8,0.0,126755.0,5.0,242
2.0,90.0,0.0,0.0,0.0,1.0,0.0,0.0,0.0,0.0,0.0,0.0,0.0,3.0,12.6,0.3,17.0,3.0,0.0,14565.0,5.0,154
3.0,73.0,0.0,0.0,1.0,0.0,0.0,0.0,0.0,0.0,0.0,0.0,0.0,2.0,0.0,1.3,0.0,0.0,0.0,10507.0,6.0,134
1.0,8.0,0.0,0.0,0.0,0.0,0.0,0.0,0.0,0.0,0.0,0.0,0.0,3.0,0.0,0.0,0.0,0.0,0.0,112190.0,6.0,59
5.0,90.0,0.0,0.0,1.0,0.0,0.0,0.0,0.0,1.0,0.0,0.0,0.0,12.0,7.4,0.4,0.0,0.8,4175.0,474483.0,5.5,120
-2.0,90.0,0.0,0.0,0.0,3.0,1.0,0.0,0.0,1.0,0.0,0.0,0.0,16.0,20.4,1.2,7.0,2.9,0.0,531265.0,5.0,163
7.0,61.0,1.0,0.0,0.0,3.0,0.0,0.0,0.0,0.0,0.0,0.0,1.0,28.0,40.0,0.5,27.0,6.8,0.0,226666.0,5.5,345
2.0,90.0,0.0,0.0,0.0,1.0,0.0,0.0,0.0,0.0,0.0,0.0,0.0,23.0,29.6,29.3,2.0,6.1,-7381.0,306344.0,4.5,270
6.0,90.0,0.0,0.0,1.0,0.0,0.0,0.0,0.0,0.0,0.0,0.0,0.0,11.0,18.6,2.8,4.0,2.5,834.0,128704.0,5.0,205
7.0,90.0,0.0,0.0,1.0,0.0,0.0,0.0,0.0,0.0,0.0,0.0,1.0,16.0,20.4,1.2,7.0,2.9,0.0,531265.0,5.0,163
0.0,90.0,0.0,0.0,0.0,5.0,0.0,0.0,0.0,0.0,0.0,0.0,0.0,23.0,29.6,29.3,2.0,6.1,-7381.0,306344.0,4.5,270
3.0,90.0,0.0,0.0,1.0,0.0,0.0,0.0,0.0,0.0,0.0,0.0,0.0,26.0,28.4,33.7,2.0,6.4,0.0,16534.0,6.0,248
5.0,90.0,0.0,1.0,0.0,3.0,0.0,0.0,0.0,0.0,0.0,0.0,0.0,15.0,6.6,17.4,4.0,2.8,0.0,280881.0,6.0,229
1.0,10.0,0.0,0.0,0.0,0.0,0.0,0.0,0.0,0.0,0.0,0.0,0.0,3.0,2.0,0.1,1.0,0.3,0.0,24892.0,5.5,1
6.0,90.0,0.0,0.0,1.0,0.0,0.0,0.0,0.0,0.0,0.0,0.0,0.0,0.0,0.0,0.0,0.0,0.0,-439.0,11308.0,4.5,249
13.0,90.0,2.0,0.0,1.0,0.0,0.0,0.0,0.0,0.0,0.0,0.0,3.0,0.0,0.0,23.4,34.0,5.6,39937.0,104050.0,6.0,319
6.0,90.0,0.0,0.0,1.0,0.0,0.0,0.0,0.0,0.0,0.0,0.0,0.0,0.0,0.0,0.0,0.0,0.0,0.0,72270.0,5.5,333
0.0,90.0,0.0,0.0,0.0,4.0,0.0,0.0,0.0,0.0,0.0,0.0,0.0,16.0,14.2,0.8,0.0,1.5,0.0,103827.0,4.5,159
6.0,30.0,1.0,0.0,0.0,0.0,0.0,0.0,0.0,0.0,0.0,0.0,1.0,0.0,0.0,0.0,0.0,0.0,0.0,75604.0,5.5,46
3.0,61.0,0.0,0.0,1.0,0.0,0.0,0.0,0.0,0.0,0.0,0.0,0.0,5.0,0.0,2.5,24.0,2.7,0.0,215629.0,6.5,167
2.0,90.0,0.0,0.0,0.0,1.0,0.0,0.0,0.0,0.0,0.0,0.0,0.0,0.0,0.0,0.0,0.0,0.0,-623.0,11306.0,5.5,95
3.0,90.0,0.0,0.0,1.0,0.0,0.0,0.0,0.0,0.0,0.0,0.0,0.0,0.0,0.0,0.0,0.0,0.0,2066.0,38249.0,5.5,342
2.0,90.0,0.0,0.0,0.0,1.0,0.0,0.0,0.0,0.0,0.0,0.0,0.0,32.0,20.0,13.0,2.0,3.5,0.0,681843.0,4.5,285
2.0,67.0,0.0,0.0,0.0,1.0,0.0,0.0,0.0,0.0,0.0,0.0,0.0,10.0,7.8,30.4,0.0,3.8,0.0,3227802.0,7.5,198
2.0,74.0,0.0,0.0,0.0,2.0,0.0,0.0,0.0,0.0,0.0,0.0,0.0,14.0,11.2,10.4,6.0,2.8,0.0,12911.0,5.5,147
1.0,45.0,0.0,0.0,0.0,0.0,0.0,0.0,0.0,0.0,0.0,0.0,0.0,11.0,8.8,1.3,0.0,1.0,0.0,196908.0,4.5,275
1.0,90.0,0.0,0.0,0.0,3.0,0.0,0.0,0.0,0.0,0.0,0.0,0.0,15.0,35.6,4.3,0.0,4.0,0.0,237865.0,4.5,141
2.0,90.0,0.0,0.0,0.0,4.0,0.0,0.0,0.0,0.0,0.0,0.0,0.0,7.0,3.8,2.8,5.0,1.2,0.0,1361562.0,5.5,100
2.0,90.0,0.0,0.0,0.0,1.0,0.0,0.0,0.0,0.0,0.0,0.0,0.0,24.0,37.2,1.1,44.0,8.2,-10246.0,139905.0,6.5,228
6.0,64.0,0.0,1.0,1.0,0.0,0.0,0.0,0.0,0.0,0.0,0.0,0.0,0.0,0.0,0.0,0.0,0.0,0.0,17820.0,4.5,344
2.0,90.0,0.0,0.0,0.0,1.0,0.0,0.0,0.0,0.0,0.0,0.0,0.0,12.0,14.4,44.6,22.0,8.1,0.0,20721.0,5.5,93
2.0,90.0,0.0,0.0,0.0,1.0,0.0,0.0,0.0,0.0,0.0,0.0,0.0,10.0,7.8,30.4,0.0,3.8,0.0,3227802.0,7.5,198
2.0,90.0,0.0,0.0,0.0,1.0,0.0,0.0,0.0,0.0,0.0,0.0,0.0,13.0,4.2,1.0,2.0,0.7,0.0,76886.0,5.5,145
0.0,45.0,0.0,0.0,0.0,1.0,0.0,0.0,0.0,1.0,0.0,0.0,0.0,0.0,0.0,0.0,0.0,0.0,0.0,10931.0,6.0,22
11.0,90.0,0.0,1.0,1.0,0.0,0.0,0.0,0.0,0.0,0.0,0.0,2.0,18.0,0.8,11.0,2.0,1.4,-2667.0,59892.0,4.5,287
3.0,90.0,0.0,0.0,1.0,0.0,0.0,0.0,0.0,0.0,0.0,0.0,0.0,0.0,0.0,0.0,0.0,0.0,-198.0,18715.0,5.0,96
1.0,59.0,0.0,0.0,0.0,1.0,0.0,0.0,0.0,0.0,0.0,0.0,0.0,11.0,3.8,3.3,20.0,2.7,0.0,21001.0,5.5,33
1.0,28.0,0.0,0.0,0.0,1.0,0.0,0.0,0.0,0.0,0.0,0.0,0.0,25.0,27.8,16.8,33.0,7.8,0.0,4535.0,5.5,52
1.0,25.0,0.0,0.0,0.0,2.0,0.0,0.0,0.0,0.0,0.0,0.0,0.0,3.0,2.0,15.3,6.0,2.3,0.0,132947.0,8.0,158
3.0,82.0,0.0,0.0,1.0,0.0,0.0,0.0,0.0,0.0,0.0,0.0,0.0,13.0,17.4,11.4,20.0,4.9,0.0,62869.0,6.0,184
1.0,25.0,0.0,0.0,0.0,0.0,0.0,0.0,0.0,0.0,0.0,0.0,0.0,3.0,2.4,0.3,0.0,0.3,0.0,99837.0,7.0,327
6.0,10.0,1.0,0.0,0.0,0.0,0.0,0.0,0.0,0.0,0.0,0.0,0.0,5.0,7.2,7.2,23.0,3.7,0.0,54083.0,6.5,61
1.0,6.0,0.0,0.0,0.0,0.0,0.0,0.0,0.0,0.0,0.0,0.0,0.0,0.0,0.0,0.0,0.0,0.0,-4225.0,112113.0,4.5,73
2.0,90.0,0.0,0.0,0.0,2.0,0.0,0.0,0.0,0.0,0.0,4.0,0.0,32.0,38.6,0.0,0.0,3.9,0.0,270083.0,5.0,240
1.0,25.0,0.0,0.0,0.0,1.0,0.0,0.0,0.0,0.0,0.0,0.0,0.0,19.0,23.2,29.8,0.0,5.3,-5200.0,54426.0,6.0,162
1.0,28.0,0.0,0.0,0.0,0.0,0.0,0.0,0.0,0.0,0.0,0.0,0.0,8.0,4.6,1.9,18.0,2.5,0.0,6389.0,6.5,279
5.0,90.0,0.0,0.0,1.0,0.0,0.0,0.0,0.0,1.0,0.0,0.0,0.0,0.0,0.0,0.0,0.0,0.0,8063.0,10638.0,5.5,289
2.0,66.0,0.0,0.0,0.0,2.0,0.0,0.0,0.0,0.0,0.0,0.0,0.0,8.0,7.6,2.9,2.0,1.3,0.0,111474.0,6.0,97
1.0,30.0,0.0,0.0,0.0,1.0,0.0,0.0,0.0,0.0,0.0,0.0,0.0,6.0,5.2,1.3,4.0,1.1,0.0,115657.0,5.0,119
2.0,90.0,0.0,0.0,0.0,1.0,0.0,0.0,0.0,0.0,0.0,0.0,0.0,13.0,17.4,0.7,0.0,1.8,0.0,95090.0,5.0,200
1.0,90.0,0.0,0.0,0.0,3.0,0.0,0.0,0.0,0.0,0.0,0.0,0.0,24.0,15.6,0.4,8.0,2.4,0.0,18959.0,4.5,237
1.0,90.0,0.0,0.0,0.0,2.0,0.0,0.0,0.0,0.0,0.0,1.0,0.0,26.0,27.0,0.0,0.0,2.7,0.0,13715.0,5.0,261
6.0,90.0,0.0,0.0,1.0,0.0,0.0,0.0,0.0,0.0,0.0,0.0,0.0,14.0,14.8,11.8,1.0,2.8,0.0,187445.0,4.5,125
3.0,90.0,0.0,0.0,1.0,0.0,0.0,0.0,0.0,0.0,0.0,0.0,0.0,0.0,0.0,0.0,0.0,0.0,-623.0,11306.0,5.5,95
1.0,90.0,0.0,0.0,0.0,3.0,0.0,0.0,0.0,0.0,0.0,0.0,0.0,29.0,22.0,0.0,0.0,2.2,0.0,556410.0,5.0,142
2.0,90.0,0.0,0.0,0.0,4.0,0.0,0.0,0.0,0.0,0.0,0.0,0.0,3.0,4.4,8.8,4.0,1.7,0.0,33257.0,6.0,126
2.0,90.0,0.0,0.0,0.0,1.0,0.0,0.0,0.0,0.0,0.0,0.0,0.0,0.0,0.0,0.0,0.0,0.0,0.0,236728.0,5.5,328
1.0,37.0,0.0,0.0,0.0,0.0,0.0,0.0,0.0,0.0,0.0,0.0,0.0,29.0,15.6,1.4,6.0,2.3,0.0,771267.0,5.5,173
1.0,90.0,0.0,0.0,0.0,2.0,0.0,0.0,0.0,0.0,0.0,0.0,0.0,25.0,12.8,2.5,2.0,1.7,0.0,686005.0,5.5,169
1.0,31.0,0.0,0.0,0.0,0.0,0.0,0.0,0.0,0.0,0.0,0.0,0.0,8.0,7.6,2.9,2.0,1.3,0.0,111474.0,6.0,97
3.0,88.0,0.0,0.0,1.0,0.0,0.0,0.0,0.0,0.0,0.0,0.0,0.0,0.0,0.0,0.0,0.0,0.0,0.0,17820.0,4.5,344
0.0,90.0,0.0,0.0,0.0,4.0,0.0,0.0,0.0,0.0,0.0,0.0,0.0,0.0,0.0,0.0,0.0,0.0,0.0,538.0,4.5,73
2.0,90.0,0.0,0.0,0.0,1.0,0.0,0.0,0.0,0.0,0.0,0.0,0.0,29.0,22.0,0.0,0.0,2.2,0.0,556410.0,5.0,142
1.0,2.0,0.0,0.0,0.0,0.0,0.0,0.0,0.0,0.0,0.0,0.0,0.0,3.0,1.0,0.3,0.0,0.1,0.0,7807.0,5.0,98
2.0,79.0,0.0,0.0,0.0,2.0,0.0,0.0,0.0,0.0,0.0,0.0,0.0,11.0,8.8,11.3,0.0,2.0,0.0,10809.0,5.0,48
1.0,3.0,0.0,0.0,0.0,0.0,0.0,0.0,0.0,0.0,0.0,0.0,0.0,0.0,0.0,0.0,0.0,0.0,-2676.0,36986.0,4.5,73
1.0,90.0,0.0,0.0,0.0,3.0,0.0,0.0,0.0,0.0,0.0,2.0,0.0,15.0,20.0,0.0,0.0,2.0,0.0,296409.0,5.5,274
1.0,18.0,0.0,0.0,0.0,0.0,0.0,0.0,0.0,0.0,0.0,0.0,0.0,15.0,20.2,35.5,36.0,9.2,0.0,155868.0,5.0,160
1.0,32.0,0.0,0.0,0.0,0.0,0.0,0.0,0.0,0.0,0.0,0.0,0.0,0.0,0.0,0.0,0.0,0.0,0.0,49378.0,4.5,73
1.0,8.0,0.0,0.0,0.0,0.0,0.0,0.0,0.0,0.0,0.0,0.0,0.0,3.0,0.0,0.0,0.0,0.0,0.0,0.0,4.5,5
6.0,90.0,0.0,0.0,1.0,0.0,0.0,0.0,0.0,0.0,0.0,0.0,0.0,11.0,15.4,4.8,4.0,2.4,1626.0,81124.0,5.5,54
1.0,52.0,0.0,0.0,0.0,0.0,0.0,0.0,0.0,0.0,0.0,0.0,0.0,2.0,6.6,4.6,24.0,3.5,0.0,66891.0,5.5,40
1.0,90.0,0.0,0.0,0.0,3.0,0.0,0.0,0.0,0.0,0.0,2.0,0.0,12.0,16.6,0.0,0.0,1.7,8554.0,296170.0,5.5,244
9.0,12.0,1.0,0.0,0.0,0.0,0.0,0.0,0.0,0.0,0.0,0.0,3.0,0.0,0.0,0.0,0.0,0.0,0.0,3939.0,5.5,132
5.0,90.0,0.0,1.0,0.0,1.0,0.0,0.0,0.0,0.0,0.0,0.0,0.0,12.0,24.0,18.6,4.0,4.7,0.0,748080.0,4.5,260
3.0,90.0,0.0,0.0,1.0,0.0,0.0,0.0,0.0,0.0,0.0,0.0,0.0,17.0,13.8,6.2,9.0,2.9,0.0,127919.0,6.5,296
3.0,90.0,0.0,0.0,0.0,1.0,0.0,0.0,0.0,0.0,0.0,3.0,0.0,0.0,0.0,0.0,0.0,0.0,12224.0,16303.0,5.0,281
2.0,90.0,0.0,0.0,0.0,2.0,0.0,0.0,0.0,0.0,0.0,4.0,0.0,16.0,31.2,0.0,0.0,3.1,0.0,43295.0,4.5,157
1.0,1.0,0.0,0.0,0.0,0.0,0.0,0.0,0.0,0.0,0.0,0.0,0.0,2.0,0.0,0.0,4.0,0.4,0.0,28479.0,6.0,73
10.0,90.0,1.0,0.0,0.0,1.0,0.0,0.0,0.0,0.0,0.0,0.0,3.0,4.0,2.6,0.3,0.0,0.3,0.0,10256.0,6.0,175
7.0,90.0,0.0,0.0,1.0,0.0,0.0,0.0,0.0,0.0,0.0,3.0,0.0,21.0,12.2,0.0,0.0,1.2,0.0,828679.0,5.5,290
1.0,13.0,0.0,0.0,0.0,0.0,0.0,0.0,0.0,0.0,0.0,0.0,0.0,0.0,0.0,0.0,0.0,0.0,0.0,7504.0,5.0,12
2.0,90.0,0.0,0.0,0.0,3.0,0.0,0.0,0.0,0.0,0.0,3.0,0.0,12.0,18.2,0.0,0.0,1.8,0.0,462939.0,5.0,177
2.0,90.0,0.0,0.0,0.0,1.0,0.0,0.0,0.0,0.0,0.0,0.0,0.0,0.0,0.0,0.0,0.0,0.0,1337.0,2348.0,4.5,110
7.0,30.0,1.0,0.0,0.0,0.0,0.0,0.0,0.0,0.0,0.0,0.0,2.0,52.0,71.2,10.3,36.0,11.8,0.0,1036141.0,10.0,346
1.0,90.0,0.0,0.0,0.0,2.0,0.0,0.0,0.0,0.0,0.0,0.0,0.0,0.0,0.0,0.0,0.0,0.0,0.0,133067.0,5.0,73
3.0,90.0,0.0,0.0,1.0,0.0,0.0,0.0,0.0,0.0,0.0,0.0,0.0,3.0,12.6,0.3,17.0,3.0,0.0,14565.0,5.0,154
2.0,90.0,0.0,0.0,0.0,1.0,0.0,0.0,0.0,0.0,0.0,0.0,0.0,9.0,13.6,28.6,9.0,5.1,0.0,518922.0,7.0,312
5.0,75.0,0.0,1.0,1.0,0.0,0.0,0.0,0.0,0.0,0.0,0.0,0.0,10.0,4.8,11.7,79.0,9.6,0.0,2838333.0,9.5,208
9.0,90.0,1.0,0.0,0.0,1.0,0.0,0.0,0.0,0.0,0.0,0.0,3.0,28.0,47.0,13.8,45.0,10.6,29514.0,153900.0,9.5,176
1.0,90.0,0.0,0.0,0.0,3.0,0.0,0.0,0.0,0.0,0.0,0.0,0.0,0.0,0.0,0.0,0.0,0.0,91.0,232.0,4.5,171
1.0,58.0,0.0,0.0,0.0,0.0,0.0,0.0,0.0,0.0,0.0,0.0,0.0,2.0,3.6,11.2,13.0,2.8,-3221.0,51558.0,6.0,35
3.0,90.0,0.0,0.0,1.0,0.0,0.0,0.0,0.0,0.0,0.0,0.0,0.0,7.0,12.4,21.6,46.0,8.0,0.0,367903.0,5.0,295
1.0,29.0,0.0,0.0,0.0,0.0,0.0,0.0,0.0,0.0,0.0,0.0,0.0,6.0,12.8,1.8,17.0,3.2,0.0,1189095.0,6.5,65
1.0,34.0,0.0,0.0,0.0,0.0,0.0,0.0,0.0,0.0,0.0,0.0,0.0,-3.0,0.0,1.3,2.0,0.1,0.0,13584.0,5.5,195
2.0,90.0,0.0,0.0,0.0,1.0,0.0,0.0,0.0,0.0,0.0,0.0,0.0,14.0,11.4,3.4,6.0,2.1,29089.0,36150.0,5.5,69
6.0,90.0,0.0,0.0,1.0,0.0,0.0,0.0,0.0,0.0,0.0,0.0,0.0,14.0,11.4,3.4,6.0,2.1,29089.0,36150.0,5.5,69
2.0,90.0,0.0,0.0,0.0,5.0,0.0,0.0,0.0,0.0,0.0,0.0,0.0,9.0,8.6,14.7,26.0,4.9,0.0,182852.0,6.0,292
1.0,90.0,0.0,0.0,0.0,3.0,0.0,0.0,0.0,0.0,0.0,0.0,0.0,14.0,30.0,1.1,6.0,3.7,0.0,25125.0,5.0,266
2.0,90.0,0.0,0.0,0.0,4.0,0.0,0.0,0.0,0.0,0.0,0.0,0.0,18.0,25.6,14.9,6.0,4.7,0.0,18135.0,5.5,223
2.0,90.0,0.0,0.0,0.0,4.0,0.0,0.0,0.0,0.0,0.0,0.0,0.0,11.0,10.4,23.2,9.0,4.3,-224.0,2586.0,5.0,133
1.0,45.0,0.0,0.0,0.0,0.0,0.0,0.0,0.0,0.0,0.0,0.0,0.0,3.0,3.2,17.8,1.0,2.2,38957.0,56428.0,6.0,75
2.0,87.0,0.0,0.0,0.0,1.0,0.0,0.0,0.0,0.0,0.0,0.0,0.0,0.0,0.0,0.0,0.0,0.0,-2789.0,6993.0,6.0,151
3.0,90.0,0.0,0.0,1.0,0.0,0.0,0.0,0.0,0.0,0.0,0.0,0.0,11.0,16.4,15.4,4.0,3.6,0.0,145802.0,5.0,152
1.0,2.0,0.0,0.0,0.0,0.0,0.0,0.0,0.0,0.0,0.0,0.0,0.0,2.0,2.4,10.7,28.0,4.1,0.0,35853.0,6.5,199
1.0,45.0,0.0,0.0,0.0,4.0,0.0,0.0,0.0,0.0,0.0,0.0,0.0,0.0,0.0,0.0,0.0,0.0,0.0,8154.0,5.5,60
2.0,66.0,0.0,0.0,0.0,1.0,0.0,0.0,0.0,0.0,0.0,0.0,0.0,12.0,10.6,4.3,0.0,1.5,0.0,60330.0,5.0,11
5.0,62.0,0.0,0.0,1.0,0.0,0.0,0.0,0.0,1.0,0.0,0.0,0.0,14.0,30.0,1.1,6.0,3.7,0.0,25125.0,5.0,266
1.0,10.0,0.0,0.0,0.0,0.0,0.0,0.0,0.0,0.0,0.0,0.0,0.0,-1.0,2.8,1.6,26.0,3.0,0.0,14140.0,6.0,31
3.0,90.0,0.0,0.0,0.0,1.0,0.0,0.0,0.0,0.0,0.0,4.0,0.0,0.0,0.0,0.0,0.0,0.0,0.0,71203.0,4.5,189
1.0,19.0,0.0,0.0,0.0,0.0,0.0,0.0,0.0,0.0,0.0,0.0,0.0,-2.0,0.0,1.8,5.0,0.2,0.0,6711.0,5.0,2
2.0,67.0,0.0,0.0,0.0,2.0,0.0,0.0,0.0,0.0,0.0,0.0,0.0,35.0,38.6,38.0,38.0,11.5,0.0,473242.0,8.0,103
1.0,48.0,0.0,0.0,0.0,1.0,0.0,0.0,0.0,0.0,0.0,0.0,0.0,0.0,0.0,0.0,0.0,0.0,0.0,55175.0,7.0,18
3.0,90.0,0.0,0.0,1.0,0.0,0.0,0.0,0.0,0.0,0.0,0.0,0.0,0.0,0.0,0.0,0.0,0.0,0.0,23082.0,5.5,251
2.0,90.0,0.0,0.0,0.0,1.0,0.0,0.0,0.0,0.0,0.0,0.0,0.0,0.0,0.0,0.0,0.0,0.0,0.0,11269.0,4.5,215
1.0,9.0,0.0,0.0,0.0,0.0,0.0,0.0,0.0,0.0,0.0,0.0,0.0,29.0,38.6,12.7,48.0,9.9,0.0,196064.0,8.5,300
5.0,76.0,0.0,1.0,1.0,0.0,0.0,0.0,0.0,0.0,0.0,0.0,0.0,0.0,0.0,0.0,0.0,0.0,0.0,278989.0,7.5,272
2.0,90.0,0.0,0.0,0.0,3.0,0.0,0.0,0.0,0.0,0.0,0.0,0.0,19.0,17.2,2.8,4.0,2.4,0.0,234920.0,5.0,112
1.0,90.0,0.0,0.0,0.0,1.0,0.0,0.0,0.0,1.0,0.0,0.0,0.0,32.0,32.0,23.3,50.0,10.5,0.0,538610.0,6.5,324
5.0,90.0,0.0,1.0,0.0,1.0,0.0,0.0,0.0,0.0,0.0,0.0,0.0,3.0,4.4,8.8,4.0,1.7,0.0,33257.0,6.0,126
4.0,90.0,0.0,1.0,0.0,1.0,0.0,0.0,0.0,1.0,0.0,0.0,0.0,34.0,38.4,13.7,34.0,8.6,0.0,387691.0,7.0,349
6.0,90.0,0.0,0.0,1.0,0.0,0.0,0.0,0.0,0.0,0.0,0.0,0.0,3.0,0.4,0.5,2.0,0.3,0.0,469354.0,6.0,190
2.0,90.0,0.0,0.0,0.0,1.0,0.0,0.0,0.0,0.0,0.0,0.0,0.0,10.0,7.8,30.4,0.0,3.8,0.0,3227802.0,7.5,198
8.0,90.0,0.0,1.0,0.0,1.0,0.0,0.0,0.0,0.0,0.0,0.0,3.0,21.0,19.2,24.8,0.0,4.4,260.0,326.0,4.5,271
1.0,90.0,0.0,0.0,0.0,1.0,0.0,0.0,0.0,1.0,0.0,0.0,0.0,23.0,9.8,26.4,4.0,4.0,0.0,240975.0,5.0,224
2.0,69.0,0.0,0.0,0.0,2.0,0.0,0.0,0.0,0.0,0.0,0.0,0.0,11.0,9.8,3.5,0.0,1.3,0.0,17814.0,4.5,117
1.0,90.0,0.0,0.0,0.0,2.0,0.0,0.0,0.0,0.0,0.0,2.0,0.0,32.0,38.6,0.0,0.0,3.9,0.0,270083.0,5.0,240
3.0,78.0,0.0,0.0,1.0,0.0,0.0,0.0,0.0,0.0,0.0,0.0,0.0,3.0,0.8,0.4,0.0,0.1,124.0,191.0,5.0,34
2.0,90.0,0.0,0.0,0.0,1.0,0.0,0.0,0.0,0.0,0.0,0.0,0.0,25.0,12.8,2.5,2.0,1.7,0.0,686005.0,5.5,169
1.0,19.0,0.0,0.0,0.0,1.0,0.0,0.0,0.0,0.0,0.0,0.0,0.0,3.0,2.0,15.3,6.0,2.3,0.0,132947.0,8.0,158
3.0,90.0,0.0,0.0,1.0,0.0,0.0,0.0,0.0,0.0,0.0,0.0,0.0,19.0,23.2,29.8,0.0,5.3,-5200.0,54426.0,6.0,162
2.0,90.0,0.0,0.0,0.0,3.0,0.0,0.0,0.0,0.0,0.0,0.0,0.0,6.0,12.8,1.8,17.0,3.2,0.0,1189095.0,6.5,65
8.0,90.0,1.0,0.0,0.0,1.0,0.0,0.0,0.0,0.0,0.0,0.0,0.0,25.0,51.8,0.2,17.0,6.9,0.0,53224.0,5.0,340
6.0,90.0,1.0,0.0,0.0,4.0,0.0,0.0,0.0,0.0,0.0,0.0,0.0,1.0,0.0,1.0,8.0,0.7,0.0,102974.0,6.5,252
3.0,90.0,0.0,0.0,0.0,1.0,0.0,0.0,0.0,0.0,0.0,3.0,0.0,21.0,12.2,0.0,0.0,1.2,0.0,828679.0,5.5,290
2.0,90.0,0.0,0.0,0.0,1.0,0.0,0.0,0.0,0.0,0.0,0.0,0.0,0.0,0.0,0.0,0.0,0.0,0.0,0.0,4.0,73
3.0,90.0,0.0,0.0,1.0,0.0,0.0,0.0,0.0,0.0,0.0,0.0,0.0,15.0,10.6,3.8,18.0,3.2,0.0,0.0,4.5,42
8.0,90.0,1.0,0.0,0.0,2.0,0.0,0.0,0.0,0.0,0.0,0.0,1.0,33.0,54.8,4.8,23.0,8.3,0.0,34553.0,5.5,207
1.0,26.0,0.0,0.0,0.0,0.0,0.0,0.0,0.0,0.0,0.0,0.0,0.0,4.0,1.2,6.0,28.0,3.5,340570.0,1156211.0,9.0,257
1.0,13.0,0.0,0.0,0.0,1.0,0.0,0.0,0.0,0.0,0.0,0.0,0.0,0.0,0.0,0.0,0.0,0.0,0.0,76220.0,4.5,24
2.0,62.0,0.0,0.0,0.0,1.0,0.0,0.0,0.0,0.0,0.0,0.0,0.0,-3.0,1.2,0.3,32.0,3.4,0.0,32205.0,5.5,214
1.0,30.0,0.0,0.0,0.0,0.0,0.0,0.0,0.0,0.0,0.0,0.0,0.0,2.0,0.8,2.7,8.0,1.2,0.0,64923.0,5.5,258
6.0,90.0,0.0,0.0,1.0,0.0,0.0,0.0,0.0,0.0,0.0,0.0,0.0,0.0,0.0,0.0,0.0,0.0,0.0,44238.0,4.5,243
1.0,90.0,0.0,0.0,0.0,2.0,0.0,0.0,0.0,0.0,0.0,2.0,0.0,9.0,5.0,0.0,0.0,0.5,0.0,102540.0,5.0,235
3.0,90.0,0.0,0.0,1.0,0.0,0.0,0.0,0.0,0.0,0.0,0.0,0.0,6.0,4.8,36.4,19.0,6.0,-823.0,34888.0,5.5,293
2.0,90.0,0.0,0.0,0.0,2.0,0.0,0.0,0.0,0.0,0.0,0.0,0.0,9.0,11.2,12.8,2.0,2.6,380.0,436.0,5.0,269
5.0,90.0,0.0,1.0,0.0,4.0,0.0,0.0,0.0,0.0,0.0,0.0,0.0,16.0,15.4,18.2,20.0,5.4,0.0,2728.0,5.0,181
3.0,90.0,0.0,0.0,0.0,1.0,0.0,0.0,0.0,0.0,0.0,5.0,0.0,0.0,0.0,0.0,0.0,0.0,-18567.0,182213.0,5.5,73
1.0,90.0,0.0,0.0,0.0,2.0,0.0,0.0,0.0,0.0,0.0,0.0,0.0,14.0,30.0,1.1,6.0,3.7,0.0,25125.0,5.0,266
11.0,69.0,1.0,0.0,1.0,0.0,0.0,0.0,0.0,0.0,0.0,0.0,3.0,3.0,3.8,1.3,0.0,0.5,0.0,12879.0,6.0,217
9.0,90.0,0.0,0.0,1.0,0.0,0.0,0.0,0.0,0.0,0.0,3.0,2.0,15.0,20.0,0.0,0.0,2.0,0.0,296409.0,5.5,274
2.0,90.0,0.0,0.0,0.0,1.0,0.0,0.0,0.0,0.0,0.0,0.0,0.0,27.0,23.2,0.4,1.0,2.5,0.0,54492.0,5.5,254
1.0,90.0,0.0,0.0,0.0,1.0,0.0,0.0,0.0,1.0,0.0,0.0,0.0,4.0,7.2,11.2,8.0,2.6,0.0,26389.0,6.0,156
3.0,90.0,0.0,0.0,1.0,0.0,0.0,0.0,0.0,0.0,0.0,0.0,0.0,8.0,15.4,5.0,0.0,2.0,0.0,66864.0,5.0,123
5.0,90.0,0.0,0.0,1.0,0.0,0.0,0.0,0.0,1.0,0.0,0.0,0.0,3.0,0.4,0.5,2.0,0.3,0.0,469354.0,6.0,190
1.0,70.0,0.0,0.0,0.0,2.0,0.0,0.0,0.0,1.0,0.0,0.0,0.0,3.0,7.0,14.0,48.0,6.9,0.0,21822.0,5.5,131
2.0,90.0,0.0,0.0,0.0,1.0,0.0,0.0,0.0,0.0,0.0,2.0,0.0,12.0,19.0,0.0,0.0,1.9,0.0,0.0,4.5,259
2.0,90.0,0.0,0.0,0.0,2.0,0.0,0.0,0.0,0.0,0.0,3.0,0.0,12.0,10.4,0.0,0.0,1.0,0.0,132136.0,5.0,73
1.0,90.0,0.0,0.0,0.0,2.0,0.0,0.0,0.0,1.0,0.0,0.0,0.0,12.0,12.8,2.0,0.0,1.5,0.0,5941.0,5.0,45
3.0,90.0,0.0,0.0,1.0,0.0,0.0,0.0,0.0,0.0,0.0,0.0,0.0,14.0,11.2,10.4,6.0,2.8,0.0,12911.0,5.5,147
2.0,74.0,0.0,0.0,0.0,2.0,0.0,0.0,0.0,0.0,0.0,0.0,0.0,15.0,13.2,19.6,26.0,5.9,-1498.0,25260.0,5.0,127
1.0,90.0,0.0,0.0,0.0,1.0,0.0,0.0,0.0,1.0,0.0,0.0,0.0,9.0,11.2,12.8,2.0,2.6,380.0,436.0,5.0,269
8.0,90.0,1.0,0.0,0.0,1.0,0.0,0.0,0.0,0.0,0.0,0.0,0.0,0.0,0.0,0.0,0.0,0.0,0.0,72270.0,5.5,333
6.0,90.0,0.0,1.0,0.0,1.0,0.0,0.0,0.0,0.0,0.0,0.0,1.0,12.0,7.6,25.3,0.0,3.3,-6566.0,55990.0,5.5,192
1.0,79.0,0.0,0.0,0.0,4.0,0.0,0.0,0.0,1.0,0.0,0.0,0.0,3.0,4.4,13.1,21.0,3.9,0.0,279992.0,6.0,273
3.0,16.0,0.0,1.0,0.0,1.0,0.0,0.0,0.0,1.0,0.0,0.0,0.0,3.0,4.4,0.7,0.0,0.5,0.0,3104.0,5.5,14
2.0,90.0,0.0,0.0,0.0,1.0,0.0,0.0,0.0,0.0,0.0,0.0,0.0,16.0,14.2,18.2,0.0,3.2,0.0,0.0,4.5,166
2.0,69.0,0.0,0.0,1.0,0.0,0.0,0.0,0.0,0.0,0.0,0.0,0.0,24.0,37.2,1.1,44.0,8.2,-10246.0,139905.0,6.5,228
3.0,75.0,0.0,0.0,1.0,0.0,0.0,0.0,0.0,0.0,0.0,0.0,0.0,3.0,1.2,0.1,0.0,0.1,0.0,5393.0,5.5,197
2.0,90.0,0.0,0.0,0.0,1.0,0.0,0.0,0.0,0.0,0.0,0.0,0.0,21.0,19.2,24.8,0.0,4.4,260.0,326.0,4.5,271
1.0,45.0,0.0,0.0,0.0,0.0,0.0,0.0,0.0,0.0,0.0,0.0,0.0,0.0,0.0,0.0,0.0,0.0,50001.0,62121.0,5.5,186
9.0,90.0,1.0,0.0,0.0,4.0,0.0,0.0,0.0,0.0,0.0,0.0,2.0,13.0,8.4,3.8,5.0,1.7,0.0,269810.0,4.5,50
1.0,78.0,0.0,0.0,0.0,3.0,0.0,0.0,0.0,0.0,0.0,0.0,0.0,16.0,14.2,0.8,0.0,1.5,0.0,103827.0,4.5,159
7.0,75.0,0.0,1.0,1.0,0.0,0.0,0.0,0.0,0.0,0.0,0.0,1.0,18.0,19.8,15.8,4.0,4.0,0.0,13748.0,5.5,288
8.0,90.0,0.0,0.0,1.0,0.0,0.0,0.0,0.0,0.0,0.0,0.0,2.0,35.0,31.8,12.7,6.0,5.1,-3793.0,94974.0,5.0,286
2.0,76.0,0.0,0.0,0.0,1.0,0.0,0.0,0.0,0.0,0.0,0.0,0.0,-7.0,9.2,0.8,19.0,2.9,0.0,403544.0,6.0,113
9.0,90.0,0.0,1.0,1.0,0.0,0.0,0.0,0.0,0.0,0.0,0.0,3.0,8.0,12.0,16.2,1.0,2.9,-1071.0,37251.0,5.5,118
7.0,26.0,1.0,0.0,0.0,0.0,0.0,0.0,0.0,0.0,0.0,0.0,1.0,3.0,0.8,1.3,0.0,0.2,0.0,28187.0,6.0,146
6.0,90.0,0.0,0.0,1.0,0.0,0.0,0.0,0.0,0.0,0.0,0.0,0.0,0.0,0.0,0.0,0.0,0.0,59156.0,865810.0,5.5,250
2.0,90.0,0.0,0.0,0.0,1.0,0.0,0.0,0.0,0.0,0.0,0.0,0.0,8.0,20.4,10.4,0.0,3.1,1331.0,1969.0,5.0,143
1.0,90.0,0.0,0.0,0.0,1.0,0.0,0.0,0.0,1.0,0.0,0.0,0.0,17.0,13.8,6.2,9.0,2.9,0.0,127919.0,6.5,296
1.0,90.0,0.0,0.0,0.0,2.0,0.0,0.0,0.0,0.0,0.0,0.0,0.0,0.0,0.0,0.0,0.0,0.0,59156.0,865810.0,5.5,250
3.0,90.0,0.0,0.0,0.0,1.0,0.0,0.0,0.0,0.0,0.0,4.0,0.0,12.0,16.6,0.0,0.0,1.7,8554.0,296170.0,5.5,244
0.0,90.0,0.0,0.0,0.0,7.0,0.0,0.0,0.0,0.0,0.0,4.0,0.0,0.0,0.0,0.0,0.0,0.0,0.0,18419.0,4.5,73
9.0,90.0,0.0,0.0,1.0,0.0,0.0,0.0,0.0,0.0,0.0,3.0,2.0,17.0,22.6,0.0,0.0,2.3,0.0,1400435.0,4.5,282
2.0,90.0,0.0,0.0,0.0,1.0,0.0,0.0,0.0,0.0,0.0,0.0,0.0,21.0,12.2,0.0,0.0,1.2,0.0,828679.0,5.5,290
8.0,90.0,0.0,0.0,1.0,0.0,0.0,0.0,0.0,0.0,0.0,0.0,2.0,0.0,0.0,0.0,0.0,0.0,91.0,232.0,4.5,171
3.0,90.0,0.0,0.0,0.0,1.0,0.0,0.0,0.0,0.0,0.0,0.0,1.0,0.0,0.0,0.0,0.0,0.0,-392.0,64092.0,5.5,331
1.0,90.0,0.0,0.0,0.0,1.0,0.0,0.0,0.0,1.0,0.0,0.0,0.0,2.0,0.0,0.0,0.0,0.0,0.0,30541.0,5.5,341
0.0,90.0,0.0,0.0,0.0,4.0,0.0,0.0,0.0,0.0,0.0,0.0,0.0,2.0,0.2,0.5,0.0,0.1,0.0,21428.0,5.0,76
5.0,90.0,0.0,0.0,1.0,0.0,0.0,0.0,0.0,1.0,0.0,0.0,0.0,0.0,0.0,0.0,0.0,0.0,0.0,51620.0,4.5,121
3.0,90.0,0.0,0.0,1.0,0.0,0.0,0.0,0.0,0.0,0.0,0.0,0.0,17.0,22.2,14.7,29.0,6.6,70648.0,322864.0,11.5,335
0.0,90.0,0.0,0.0,0.0,2.0,0.0,0.0,0.0,1.0,0.0,0.0,0.0,6.0,20.0,3.5,35.0,5.9,0.0,1485702.0,6.0,283
3.0,85.0,0.0,0.0,1.0,0.0,0.0,0.0,0.0,0.0,0.0,0.0,0.0,0.0,0.0,0.0,0.0,0.0,0.0,7154.0,5.0,13
2.0,66.0,0.0,0.0,0.0,1.0,0.0,0.0,0.0,0.0,0.0,0.0,0.0,0.0,0.0,0.0,0.0,0.0,0.0,11161.0,4.5,84
2.0,90.0,0.0,0.0,0.0,2.0,0.0,0.0,0.0,0.0,0.0,3.0,0.0,21.0,12.2,0.0,0.0,1.2,0.0,828679.0,5.5,290
6.0,82.0,0.0,1.0,1.0,0.0,0.0,0.0,0.0,0.0,0.0,0.0,0.0,18.0,25.6,14.9,6.0,4.7,0.0,18135.0,5.5,223
3.0,90.0,0.0,0.0,0.0,1.0,0.0,0.0,0.0,0.0,0.0,4.0,0.0,20.0,17.8,0.0,0.0,1.8,0.0,55373.0,4.5,262
7.0,90.0,0.0,0.0,1.0,0.0,0.0,0.0,0.0,1.0,0.0,0.0,2.0,0.0,0.0,0.0,0.0,0.0,-392.0,64092.0,5.5,331
2.0,90.0,0.0,0.0,0.0,2.0,0.0,0.0,0.0,0.0,0.0,0.0,0.0,19.0,14.0,2.0,7.0,2.3,0.0,180668.0,5.5,218
2.0,90.0,0.0,0.0,0.0,5.0,0.0,0.0,0.0,0.0,0.0,0.0,0.0,15.0,6.6,17.4,4.0,2.8,0.0,280881.0,6.0,229
2.0,82.0,0.0,0.0,0.0,1.0,0.0,0.0,0.0,0.0,0.0,0.0,0.0,16.0,14.2,18.2,0.0,3.2,0.0,0.0,4.5,166
0.0,54.0,0.0,0.0,0.0,2.0,0.0,0.0,0.0,0.0,0.0,0.0,0.0,0.0,0.0,0.0,0.0,0.0,0.0,86735.0,4.0,73
-1.0,90.0,0.0,0.0,0.0,7.0,0.0,0.0,0.0,0.0,0.0,0.0,0.0,31.0,41.4,0.0,0.0,4.1,0.0,87269.0,5.0,246
1.0,12.0,0.0,0.0,0.0,1.0,0.0,0.0,0.0,0.0,0.0,0.0,0.0,11.0,16.4,15.4,4.0,3.6,0.0,145802.0,5.0,152
7.0,89.0,1.0,0.0,0.0,2.0,0.0,0.0,0.0,0.0,0.0,0.0,1.0,1.0,0.0,1.0,8.0,0.7,0.0,102974.0,6.5,252
1.0,7.0,0.0,0.0,0.0,2.0,0.0,0.0,0.0,0.0,0.0,0.0,0.0,-3.0,0.0,1.3,2.0,0.1,0.0,13584.0,5.5,195
2.0,90.0,0.0,0.0,0.0,1.0,0.0,0.0,0.0,0.0,0.0,0.0,0.0,26.0,28.4,33.7,2.0,6.4,0.0,16534.0,6.0,248
0.0,90.0,0.0,0.0,0.0,2.0,0.0,0.0,0.0,1.0,0.0,0.0,0.0,29.0,15.6,1.4,6.0,2.3,0.0,771267.0,5.5,173
1.0,1.0,0.0,0.0,0.0,0.0,0.0,0.0,0.0,0.0,0.0,0.0,0.0,10.0,7.4,26.4,0.0,3.4,0.0,7285.0,5.5,202
1.0,11.0,0.0,0.0,0.0,0.0,0.0,0.0,0.0,0.0,0.0,0.0,0.0,4.0,1.2,0.8,0.0,0.2,0.0,2432.0,5.0,41
6.0,90.0,0.0,1.0,0.0,1.0,0.0,0.0,0.0,0.0,0.0,0.0,1.0,22.0,13.2,0.7,0.0,1.4,0.0,105207.0,4.5,111
1.0,18.0,0.0,0.0,0.0,0.0,0.0,0.0,0.0,0.0,0.0,0.0,0.0,37.0,46.4,18.8,23.0,8.8,20071.0,279640.0,6.5,317
8.0,90.0,0.0,0.0,1.0,0.0,0.0,0.0,0.0,0.0,0.0,0.0,2.0,11.0,8.8,1.3,0.0,1.0,0.0,196908.0,4.5,275
1.0,2.0,0.0,0.0,0.0,0.0,0.0,0.0,0.0,0.0,0.0,0.0,0.0,12.0,10.6,4.3,0.0,1.5,0.0,60330.0,5.0,11
0.0,90.0,0.0,0.0,0.0,5.0,0.0,0.0,0.0,0.0,0.0,0.0,0.0,11.0,14.6,3.9,8.0,2.7,-5287.0,121294.0,6.0,318
0.0,90.0,0.0,0.0,0.0,5.0,0.0,0.0,0.0,0.0,0.0,0.0,0.0,8.0,9.6,0.6,0.0,1.0,0.0,19684.0,4.5,4
2.0,70.0,0.0,0.0,0.0,2.0,0.0,0.0,0.0,0.0,0.0,0.0,0.0,4.0,0.0,0.4,2.0,0.2,0.0,8412.0,5.5,209
11.0,90.0,0.0,0.0,1.0,0.0,0.0,0.0,0.0,0.0,0.0,6.0,3.0,16.0,31.2,0.0,0.0,3.1,0.0,43295.0,4.5,157
-1.0,90.0,0.0,0.0,0.0,3.0,1.0,0.0,0.0,0.0,0.0,0.0,0.0,0.0,0.0,0.0,0.0,0.0,0.0,7125.0,5.5,221
2.0,90.0,0.0,0.0,0.0,2.0,0.0,0.0,0.0,0.0,0.0,0.0,0.0,42.0,85.2,71.6,64.0,22.1,344561.0,2063222.0,11.5,348
2.0,75.0,0.0,0.0,0.0,1.0,0.0,0.0,0.0,0.0,0.0,0.0,0.0,37.0,46.4,18.8,23.0,8.8,20071.0,279640.0,6.5,317
2.0,78.0,0.0,0.0,0.0,1.0,0.0,0.0,0.0,0.0,0.0,0.0,0.0,2.0,6.6,4.6,24.0,3.5,0.0,66891.0,5.5,40
2.0,90.0,0.0,0.0,0.0,1.0,0.0,0.0,0.0,0.0,0.0,0.0,0.0,13.0,1.6,15.7,26.0,4.3,0.0,304826.0,5.5,44
2.0,90.0,0.0,0.0,0.0,1.0,0.0,0.0,0.0,0.0,0.0,0.0,0.0,29.0,25.8,0.1,0.0,2.6,0.0,101537.0,5.0,315
5.0,90.0,0.0,1.0,0.0,4.0,0.0,0.0,0.0,0.0,0.0,0.0,0.0,4.0,14.4,11.8,0.0,2.6,0.0,50068.0,4.5,149
2.0,90.0,0.0,0.0,0.0,1.0,0.0,0.0,0.0,0.0,0.0,0.0,0.0,0.0,0.0,0.0,0.0,0.0,0.0,27278.0,4.5,73
3.0,90.0,0.0,0.0,1.0,0.0,0.0,0.0,0.0,0.0,0.0,0.0,0.0,13.0,4.2,1.0,2.0,0.7,0.0,76886.0,5.5,145
1.0,45.0,0.0,0.0,0.0,0.0,0.0,0.0,0.0,0.0,0.0,2.0,0.0,0.0,0.0,0.0,0.0,0.0,-18567.0,182213.0,5.5,73
6.0,90.0,0.0,0.0,1.0,0.0,0.0,0.0,0.0,0.0,0.0,0.0,0.0,6.0,20.0,3.5,35.0,5.9,0.0,1485702.0,6.0,283
1.0,6.0,0.0,0.0,0.0,0.0,0.0,0.0,0.0,0.0,0.0,0.0,0.0,0.0,0.0,0.0,0.0,0.0,0.0,8154.0,5.5,60
4.0,28.0,0.0,1.0,0.0,0.0,0.0,0.0,0.0,0.0,0.0,0.0,0.0,0.0,0.0,0.0,0.0,0.0,-391.0,8726.0,6.0,247
1.0,90.0,0.0,0.0,0.0,3.0,0.0,0.0,0.0,0.0,0.0,0.0,0.0,8.0,9.6,0.6,0.0,1.0,0.0,19684.0,4.5,4
1.0,45.0,0.0,0.0,0.0,0.0,0.0,0.0,0.0,0.0,0.0,0.0,0.0,8.0,12.0,16.2,1.0,2.9,-1071.0,37251.0,5.5,118
1.0,90.0,0.0,0.0,0.0,2.0,0.0,0.0,0.0,0.0,0.0,0.0,0.0,0.0,0.0,0.0,0.0,0.0,59156.0,865810.0,5.5,250
1.0,26.0,0.0,0.0,0.0,1.0,0.0,0.0,0.0,0.0,0.0,0.0,0.0,0.0,0.0,0.0,0.0,0.0,0.0,41594.0,6.0,19
2.0,80.0,0.0,0.0,0.0,1.0,0.0,0.0,0.0,0.0,0.0,0.0,0.0,3.0,3.8,1.3,0.0,0.5,0.0,12879.0,6.0,217
5.0,90.0,0.0,1.0,0.0,3.0,0.0,0.0,0.0,0.0,0.0,0.0,0.0,43.0,60.8,23.2,17.0,10.1,0.0,104796.0,5.0,165
3.0,90.0,0.0,0.0,1.0,0.0,0.0,0.0,0.0,0.0,0.0,0.0,0.0,6.0,5.2,1.3,4.0,1.1,0.0,115657.0,5.0,119
1.0,90.0,0.0,0.0,0.0,3.0,0.0,0.0,0.0,0.0,0.0,0.0,0.0,29.0,25.8,0.1,0.0,2.6,0.0,101537.0,5.0,315
2.0,90.0,0.0,0.0,0.0,1.0,0.0,0.0,0.0,0.0,0.0,1.0,0.0,29.0,14.0,0.0,0.0,1.4,0.0,400285.0,5.0,277
2.0,90.0,0.0,0.0,1.0,0.0,0.0,0.0,0.0,0.0,0.0,0.0,0.0,0.0,0.0,23.4,34.0,5.6,39937.0,104050.0,6.0,319
14.0,84.0,1.0,2.0,0.0,1.0,0.0,0.0,0.0,0.0,0.0,0.0,2.0,52.0,71.2,10.3,36.0,11.8,0.0,1036141.0,10.0,346
12.0,72.0,1.0,1.0,0.0,1.0,0.0,0.0,0.0,0.0,0.0,0.0,2.0,7.0,3.8,2.8,5.0,1.2,0.0,1361562.0,5.5,100
11.0,90.0,0.0,2.0,0.0,1.0,0.0,0.0,0.0,0.0,0.0,0.0,3.0,0.0,0.0,0.0,0.0,0.0,0.0,139604.0,8.0,204
1.0,45.0,0.0,0.0,0.0,1.0,0.0,0.0,0.0,0.0,0.0,0.0,0.0,23.0,43.6,6.5,19.0,6.9,0.0,30491.0,5.5,326
12.0,90.0,1.0,1.0,0.0,2.0,0.0,0.0,0.0,1.0,0.0,0.0,3.0,13.0,25.6,78.4,25.0,12.9,451998.0,1623046.0,10.5,352
7.0,90.0,1.0,0.0,0.0,1.0,0.0,0.0,0.0,0.0,0.0,0.0,0.0,0.0,0.0,0.0,0.0,0.0,0.0,14946.0,6.0,241
1.0,90.0,0.0,0.0,0.0,3.0,0.0,0.0,0.0,0.0,0.0,0.0,0.0,44.0,47.0,0.3,33.0,8.0,-696.0,12720.0,4.5,255
16.0,90.0,2.0,1.0,0.0,1.0,0.0,0.0,0.0,0.0,0.0,0.0,3.0,32.0,32.0,23.3,50.0,10.5,0.0,538610.0,6.5,324
2.0,90.0,0.0,0.0,0.0,2.0,0.0,0.0,0.0,0.0,0.0,0.0,0.0,6.0,4.8,36.4,19.0,6.0,-823.0,34888.0,5.5,293
1.0,14.0,0.0,0.0,0.0,0.0,0.0,0.0,0.0,0.0,0.0,0.0,0.0,3.0,2.4,0.3,0.0,0.3,0.0,99837.0,7.0,327
1.0,90.0,0.0,0.0,0.0,2.0,0.0,0.0,0.0,0.0,0.0,0.0,0.0,0.0,0.0,0.0,0.0,0.0,0.0,51065.0,4.5,74
1.0,45.0,0.0,0.0,0.0,2.0,0.0,0.0,0.0,0.0,0.0,0.0,0.0,0.0,0.0,0.0,0.0,0.0,-623.0,11306.0,5.5,95
2.0,90.0,0.0,0.0,0.0,2.0,0.0,0.0,0.0,0.0,0.0,0.0,0.0,7.0,3.8,2.8,5.0,1.2,0.0,1361562.0,5.5,100
7.0,78.0,1.0,0.0,0.0,2.0,0.0,0.0,0.0,0.0,0.0,0.0,0.0,5.0,1.4,0.3,2.0,0.4,2052.0,2616.0,6.0,188
9.0,90.0,1.0,0.0,1.0,0.0,0.0,0.0,0.0,0.0,0.0,0.0,3.0,1.0,8.6,11.2,60.0,8.0,0.0,1467030.0,8.5,303
1.0,9.0,0.0,0.0,0.0,0.0,0.0,0.0,0.0,0.0,0.0,0.0,0.0,2.0,0.8,2.7,8.0,1.2,0.0,64923.0,5.5,258
10.0,78.0,1.0,0.0,1.0,0.0,0.0,0.0,0.0,0.0,0.0,0.0,2.0,4.0,2.8,12.3,0.0,1.5,0.0,81625.0,7.0,294
1.0,90.0,0.0,0.0,0.0,1.0,0.0,0.0,0.0,1.0,0.0,0.0,0.0,0.0,0.0,0.0,0.0,0.0,91.0,232.0,4.5,171
1.0,45.0,0.0,0.0,0.0,1.0,0.0,0.0,0.0,0.0,0.0,0.0,0.0,3.0,4.4,0.7,0.0,0.5,0.0,3104.0,5.5,14
1.0,45.0,0.0,0.0,0.0,1.0,0.0,0.0,0.0,0.0,0.0,0.0,0.0,-1.0,2.8,1.6,26.0,3.0,0.0,14140.0,6.0,31
2.0,90.0,0.0,0.0,0.0,4.0,0.0,0.0,0.0,0.0,0.0,0.0,0.0,10.0,7.4,26.4,0.0,3.4,0.0,7285.0,5.5,202
2.0,90.0,0.0,0.0,0.0,1.0,0.0,0.0,0.0,0.0,0.0,2.0,0.0,32.0,38.6,0.0,0.0,3.9,0.0,270083.0,5.0,240
3.0,90.0,0.0,0.0,1.0,0.0,0.0,0.0,0.0,0.0,0.0,0.0,0.0,0.0,0.0,0.0,0.0,0.0,0.0,17820.0,4.5,344
9.0,90.0,1.0,0.0,0.0,1.0,0.0,0.0,0.0,0.0,0.0,0.0,2.0,7.0,12.4,21.6,46.0,8.0,0.0,367903.0,5.0,295
2.0,90.0,0.0,0.0,0.0,2.0,0.0,0.0,0.0,0.0,0.0,0.0,0.0,7.0,8.0,22.5,21.0,5.2,0.0,894557.0,10.5,355
7.0,24.0,1.0,0.0,0.0,0.0,0.0,0.0,0.0,0.0,0.0,0.0,2.0,29.0,38.6,12.7,48.0,9.9,0.0,196064.0,8.5,300
3.0,90.0,0.0,0.0,0.0,1.0,0.0,0.0,0.0,0.0,0.0,4.0,0.0,17.0,22.6,0.0,0.0,2.3,0.0,1400435.0,4.5,282
2.0,90.0,0.0,0.0,0.0,1.0,0.0,0.0,0.0,0.0,0.0,0.0,0.0,27.0,23.2,0.4,1.0,2.5,0.0,54492.0,5.5,254
5.0,90.0,0.0,1.0,0.0,1.0,0.0,0.0,0.0,0.0,0.0,0.0,0.0,0.0,0.0,0.0,0.0,0.0,1006.0,1176.0,4.5,70
1.0,90.0,0.0,0.0,0.0,2.0,0.0,0.0,0.0,0.0,0.0,0.0,0.0,0.0,0.0,0.0,0.0,0.0,0.0,236728.0,5.5,328
2.0,90.0,0.0,0.0,0.0,4.0,0.0,0.0,0.0,0.0,0.0,0.0,0.0,3.0,4.4,8.8,4.0,1.7,0.0,33257.0,6.0,126
2.0,90.0,0.0,0.0,0.0,1.0,0.0,0.0,0.0,0.0,0.0,0.0,0.0,29.0,25.8,0.1,0.0,2.6,0.0,101537.0,5.0,315
3.0,69.0,0.0,0.0,1.0,0.0,0.0,0.0,0.0,0.0,0.0,0.0,0.0,16.0,15.4,18.2,20.0,5.4,0.0,2728.0,5.0,181
1.0,28.0,0.0,0.0,0.0,0.0,0.0,0.0,0.0,0.0,0.0,0.0,0.0,3.0,2.0,0.1,1.0,0.3,0.0,24892.0,5.5,1
1.0,15.0,0.0,0.0,0.0,0.0,0.0,0.0,0.0,0.0,0.0,0.0,0.0,10.0,4.8,11.7,79.0,9.6,0.0,2838333.0,9.5,208
5.0,90.0,0.0,0.0,1.0,0.0,0.0,0.0,0.0,1.0,0.0,0.0,0.0,14.0,14.8,4.6,4.0,2.3,11004.0,276468.0,5.5,231
1.0,90.0,0.0,0.0,0.0,3.0,0.0,0.0,0.0,0.0,0.0,0.0,0.0,22.0,13.2,0.7,0.0,1.4,0.0,105207.0,4.5,111
1.0,90.0,0.0,0.0,0.0,3.0,0.0,0.0,0.0,0.0,0.0,0.0,0.0,15.0,14.6,0.0,8.0,2.3,140.0,304.0,4.5,227
-1.0,90.0,0.0,0.0,0.0,1.0,0.0,0.0,0.0,0.0,1.0,0.0,0.0,22.0,33.8,27.3,20.0,8.1,0.0,114860.0,4.5,164
1.0,90.0,0.0,0.0,0.0,2.0,0.0,0.0,0.0,0.0,0.0,0.0,0.0,21.0,21.8,0.3,0.0,2.2,0.0,219489.0,4.5,85
4.0,19.0,0.0,1.0,0.0,0.0,0.0,0.0,0.0,0.0,0.0,0.0,0.0,2.0,0.0,0.3,0.0,0.0,-2600.0,79393.0,7.0,212
1.0,29.0,0.0,0.0,0.0,2.0,0.0,0.0,0.0,0.0,0.0,0.0,0.0,2.0,2.4,13.3,2.0,1.8,0.0,32021.0,4.5,87
2.0,90.0,0.0,0.0,1.0,0.0,0.0,0.0,0.0,0.0,0.0,0.0,0.0,0.0,0.0,0.0,0.0,0.0,680.0,876.0,5.5,330
2.0,82.0,0.0,0.0,0.0,1.0,0.0,0.0,0.0,0.0,0.0,0.0,0.0,2.0,2.4,13.3,2.0,1.8,0.0,32021.0,4.5,87
1.0,24.0,0.0,0.0,0.0,0.0,0.0,0.0,0.0,0.0,0.0,0.0,0.0,0.0,0.0,0.0,0.0,0.0,0.0,20257.0,4.5,9
4.0,29.0,0.0,1.0,0.0,1.0,0.0,0.0,0.0,0.0,0.0,0.0,0.0,0.0,0.0,0.0,0.0,0.0,0.0,10931.0,6.0,22
1.0,89.0,0.0,0.0,1.0,0.0,0.0,0.0,0.0,1.0,0.0,0.0,0.0,17.0,26.2,13.8,67.0,10.7,0.0,583310.0,8.0,239
2.0,90.0,0.0,0.0,0.0,2.0,0.0,0.0,0.0,0.0,0.0,0.0,0.0,11.0,3.8,3.3,20.0,2.7,0.0,21001.0,5.5,33
2.0,77.0,0.0,0.0,0.0,1.0,0.0,0.0,0.0,0.0,0.0,0.0,0.0,6.0,6.8,27.2,2.0,3.6,0.0,78657.0,6.5,99
2.0,77.0,0.0,0.0,1.0,0.0,0.0,0.0,0.0,1.0,0.0,0.0,0.0,4.0,3.4,0.3,0.0,0.4,0.0,5118.0,5.5,150
5.0,90.0,0.0,1.0,0.0,2.0,0.0,0.0,0.0,0.0,0.0,0.0,1.0,21.0,10.2,2.8,4.0,1.7,0.0,112927.0,5.0,53
3.0,90.0,0.0,0.0,1.0,0.0,0.0,0.0,0.0,0.0,0.0,0.0,0.0,11.0,7.0,10.2,0.0,1.7,0.0,19025.0,5.5,191
2.0,79.0,0.0,0.0,0.0,2.0,0.0,0.0,0.0,0.0,0.0,0.0,0.0,0.0,0.0,0.0,0.0,0.0,0.0,2316.0,5.0,49
1.0,2.0,0.0,0.0,0.0,0.0,0.0,0.0,0.0,0.0,0.0,0.0,0.0,6.0,6.0,28.3,0.0,3.4,0.0,57448.0,6.0,38
2.0,90.0,0.0,0.0,0.0,1.0,0.0,0.0,0.0,0.0,0.0,0.0,0.0,8.0,20.4,10.4,0.0,3.1,1331.0,1969.0,5.0,143
9.0,90.0,0.0,0.0,1.0,0.0,0.0,0.0,0.0,0.0,0.0,4.0,2.0,0.0,0.0,0.0,0.0,0.0,0.0,71203.0,4.5,189
3.0,74.0,0.0,0.0,1.0,0.0,0.0,0.0,0.0,0.0,0.0,0.0,0.0,5.0,1.4,0.3,2.0,0.4,2052.0,2616.0,6.0,188
2.0,90.0,0.0,0.0,0.0,2.0,0.0,0.0,0.0,0.0,0.0,4.0,0.0,16.0,31.2,0.0,0.0,3.1,0.0,43295.0,4.5,157
2.0,90.0,0.0,0.0,0.0,3.0,0.0,0.0,0.0,0.0,0.0,0.0,0.0,12.0,12.8,2.0,0.0,1.5,0.0,5941.0,5.0,45
2.0,90.0,0.0,0.0,0.0,1.0,0.0,0.0,0.0,0.0,0.0,0.0,0.0,14.0,11.2,10.4,6.0,2.8,0.0,12911.0,5.5,147
1.0,1.0,0.0,0.0,0.0,1.0,0.0,0.0,0.0,0.0,0.0,0.0,0.0,0.0,0.0,0.0,0.0,0.0,0.0,278989.0,7.5,272
9.0,90.0,1.0,0.0,0.0,1.0,0.0,0.0,0.0,0.0,0.0,0.0,2.0,16.0,15.4,18.2,20.0,5.4,0.0,2728.0,5.0,181
3.0,57.0,0.0,1.0,0.0,1.0,0.0,0.0,0.0,1.0,0.0,0.0,0.0,0.0,0.0,0.0,0.0,0.0,0.0,55175.0,7.0,18
1.0,90.0,0.0,0.0,0.0,1.0,0.0,0.0,0.0,1.0,0.0,0.0,0.0,17.0,22.2,14.7,29.0,6.6,70648.0,322864.0,11.5,335
15.0,87.0,2.0,0.0,1.0,0.0,0.0,0.0,0.0,0.0,0.0,0.0,2.0,5.0,1.8,2.6,12.0,1.6,0.0,94805.0,6.5,267
9.0,90.0,0.0,0.0,1.0,0.0,0.0,0.0,0.0,0.0,0.0,0.0,3.0,11.0,8.8,1.3,0.0,1.0,0.0,196908.0,4.5,275
1.0,90.0,0.0,0.0,0.0,3.0,0.0,0.0,0.0,0.0,0.0,0.0,0.0,14.0,14.8,11.8,1.0,2.8,0.0,187445.0,4.5,125
0.0,45.0,0.0,0.0,0.0,1.0,0.0,0.0,0.0,1.0,0.0,0.0,0.0,0.0,0.0,0.0,0.0,0.0,0.0,4284.0,4.5,71
3.0,80.0,0.0,0.0,1.0,0.0,0.0,0.0,0.0,0.0,0.0,0.0,0.0,9.0,6.6,37.8,19.0,6.3,-472.0,89093.0,5.5,153
2.0,90.0,0.0,0.0,0.0,5.0,0.0,0.0,0.0,0.0,0.0,0.0,0.0,4.0,0.0,1.6,0.0,0.2,0.0,3307.0,5.0,90
2.0,90.0,0.0,0.0,0.0,1.0,0.0,0.0,0.0,0.0,0.0,0.0,0.0,7.0,12.4,21.6,46.0,8.0,0.0,367903.0,5.0,295
1.0,11.0,0.0,0.0,0.0,0.0,0.0,0.0,0.0,0.0,0.0,0.0,0.0,4.0,2.6,0.3,0.0,0.3,0.0,10256.0,6.0,175
2.0,90.0,0.0,0.0,0.0,1.0,0.0,0.0,0.0,0.0,0.0,0.0,0.0,28.0,20.6,1.2,0.0,2.2,0.0,71148.0,4.5,203
1.0,90.0,0.0,0.0,0.0,3.0,0.0,0.0,0.0,0.0,0.0,0.0,0.0,15.0,16.8,18.5,2.0,3.7,0.0,87171.0,5.0,256
1.0,23.0,0.0,0.0,0.0,1.0,0.0,0.0,0.0,0.0,0.0,0.0,0.0,5.0,7.2,7.2,23.0,3.7,0.0,54083.0,6.5,61
2.0,79.0,0.0,0.0,0.0,2.0,0.0,0.0,0.0,0.0,0.0,0.0,0.0,16.0,17.0,58.6,23.0,9.9,0.0,471986.0,7.5,339
6.0,90.0,0.0,0.0,1.0,0.0,0.0,0.0,0.0,0.0,0.0,0.0,0.0,0.0,0.0,0.0,0.0,0.0,59156.0,865810.0,5.5,250
5.0,90.0,0.0,1.0,0.0,3.0,0.0,0.0,0.0,0.0,0.0,0.0,0.0,3.0,4.4,13.1,21.0,3.9,0.0,279992.0,6.0,273
1.0,90.0,0.0,0.0,0.0,2.0,0.0,0.0,0.0,0.0,0.0,0.0,0.0,0.0,0.0,0.0,0.0,0.0,0.0,11269.0,4.5,215
2.0,81.0,0.0,0.0,0.0,3.0,0.0,0.0,0.0,0.0,0.0,0.0,0.0,3.0,1.2,0.1,0.0,0.1,0.0,5393.0,5.5,197
1.0,90.0,0.0,0.0,0.0,2.0,0.0,0.0,0.0,1.0,0.0,0.0,0.0,2.0,0.0,0.3,0.0,0.0,-2600.0,79393.0,7.0,212
15.0,90.0,1.0,2.0,0.0,1.0,0.0,0.0,0.0,0.0,0.0,0.0,2.0,11.0,8.2,31.3,10.0,5.0,111651.0,445991.0,9.5,307
2.0,90.0,0.0,0.0,0.0,1.0,0.0,0.0,0.0,0.0,0.0,0.0,0.0,0.0,0.0,0.0,0.0,0.0,0.0,72270.0,5.5,333
3.0,90.0,0.0,0.0,1.0,0.0,0.0,0.0,0.0,0.0,0.0,0.0,0.0,24.0,36.4,24.6,1.0,6.2,0.0,138291.0,5.0,140
2.0,90.0,0.0,0.0,0.0,1.0,0.0,0.0,0.0,0.0,0.0,0.0,0.0,7.0,8.6,18.0,0.0,2.7,0.0,10068.0,5.0,138
1.0,7.0,0.0,0.0,0.0,0.0,0.0,0.0,0.0,0.0,0.0,0.0,0.0,12.0,10.6,4.3,0.0,1.5,0.0,60330.0,5.0,11
1.0,90.0,0.0,0.0,0.0,1.0,0.0,0.0,0.0,1.0,0.0,0.0,0.0,28.0,40.0,0.5,27.0,6.8,0.0,226666.0,5.5,345
0.0,30.0,0.0,0.0,0.0,1.0,0.0,0.0,0.0,1.0,0.0,0.0,0.0,6.0,5.2,1.3,4.0,1.1,0.0,115657.0,5.0,119
1.0,45.0,0.0,0.0,0.0,0.0,0.0,0.0,0.0,0.0,0.0,0.0,0.0,19.0,17.6,10.4,4.0,3.2,0.0,36388.0,4.5,325
0.0,90.0,0.0,0.0,0.0,1.0,0.0,0.0,1.0,0.0,0.0,0.0,0.0,9.0,11.2,12.8,2.0,2.6,380.0,436.0,5.0,269
1.0,90.0,0.0,0.0,0.0,2.0,0.0,0.0,0.0,0.0,0.0,0.0,0.0,16.0,16.4,0.8,0.0,1.7,0.0,10082.0,4.5,73
13.0,90.0,1.0,1.0,0.0,1.0,0.0,0.0,0.0,0.0,0.0,0.0,3.0,3.0,4.4,8.8,4.0,1.7,0.0,33257.0,6.0,126
1.0,30.0,0.0,0.0,0.0,0.0,0.0,0.0,0.0,0.0,0.0,0.0,0.0,37.0,46.4,18.8,23.0,8.8,20071.0,279640.0,6.5,317
2.0,90.0,0.0,0.0,0.0,1.0,0.0,0.0,0.0,0.0,0.0,2.0,0.0,31.0,41.4,0.0,0.0,4.1,0.0,87269.0,5.0,246
9.0,90.0,1.0,0.0,0.0,1.0,0.0,0.0,0.0,0.0,0.0,0.0,1.0,2.0,0.2,0.5,0.0,0.1,0.0,21428.0,5.0,76
1.0,23.0,0.0,0.0,0.0,1.0,0.0,0.0,0.0,0.0,0.0,0.0,0.0,2.0,2.4,10.7,28.0,4.1,0.0,35853.0,6.5,199
3.0,90.0,0.0,0.0,1.0,0.0,0.0,0.0,0.0,0.0,0.0,0.0,0.0,26.0,28.4,33.7,2.0,6.4,0.0,16534.0,6.0,248
1.0,90.0,0.0,0.0,0.0,2.0,0.0,0.0,0.0,0.0,0.0,2.0,0.0,12.0,18.2,0.0,0.0,1.8,0.0,462939.0,5.0,177
2.0,90.0,0.0,0.0,0.0,1.0,0.0,0.0,0.0,0.0,0.0,1.0,0.0,12.0,11.6,0.0,0.0,1.2,0.0,1121565.0,4.5,109
6.0,90.0,0.0,0.0,1.0,0.0,0.0,0.0,0.0,0.0,0.0,0.0,0.0,16.0,20.4,1.2,7.0,2.9,0.0,531265.0,5.0,163
1.0,9.0,0.0,0.0,0.0,1.0,0.0,0.0,0.0,0.0,0.0,0.0,0.0,1.0,0.0,0.1,2.0,0.2,-1023.0,21375.0,6.5,73
0.0,55.0,0.0,0.0,0.0,0.0,0.0,0.0,0.0,1.0,0.0,0.0,0.0,0.0,0.0,0.0,0.0,0.0,0.0,44238.0,4.5,243
1.0,30.0,0.0,0.0,0.0,0.0,0.0,0.0,0.0,0.0,0.0,0.0,0.0,0.0,0.0,0.0,0.0,0.0,7630.0,8659.0,6.0,122
6.0,90.0,0.0,0.0,1.0,0.0,0.0,0.0,0.0,0.0,0.0,0.0,0.0,25.0,12.8,2.5,2.0,1.7,0.0,686005.0,5.5,169
1.0,10.0,0.0,0.0,0.0,1.0,0.0,0.0,0.0,0.0,0.0,0.0,0.0,4.0,5.6,10.3,0.0,1.6,0.0,158296.0,5.5,82
0.0,12.0,0.0,0.0,0.0,2.0,0.0,0.0,0.0,0.0,0.0,0.0,0.0,0.0,0.0,0.0,0.0,0.0,1337.0,2348.0,4.5,110
11.0,90.0,0.0,0.0,1.0,0.0,0.0,0.0,0.0,0.0,0.0,6.0,3.0,20.0,17.8,0.0,0.0,1.8,0.0,55373.0,4.5,262
1.0,18.0,0.0,0.0,0.0,0.0,0.0,0.0,0.0,0.0,0.0,0.0,0.0,0.0,0.0,0.0,0.0,0.0,0.0,12401.0,5.5,73
5.0,76.0,0.0,1.0,1.0,0.0,0.0,0.0,0.0,0.0,0.0,0.0,0.0,3.0,4.4,13.1,21.0,3.9,0.0,279992.0,6.0,273
5.0,90.0,0.0,0.0,1.0,0.0,0.0,0.0,0.0,1.0,0.0,0.0,0.0,0.0,0.0,0.0,0.0,0.0,0.0,538.0,4.5,73
1.0,57.0,0.0,0.0,0.0,0.0,0.0,0.0,0.0,0.0,0.0,0.0,0.0,0.0,0.0,0.0,0.0,0.0,-391.0,8726.0,6.0,247
0.0,90.0,0.0,0.0,0.0,4.0,0.0,0.0,0.0,0.0,0.0,0.0,0.0,19.0,41.0,0.1,0.0,4.1,0.0,97197.0,4.0,136
2.0,90.0,0.0,0.0,0.0,1.0,0.0,0.0,0.0,0.0,0.0,0.0,0.0,15.0,24.6,0.9,0.0,2.6,0.0,101787.0,4.5,73
3.0,90.0,0.0,0.0,0.0,3.0,0.0,0.0,0.0,0.0,0.0,7.0,0.0,17.0,22.6,0.0,0.0,2.3,0.0,1400435.0,4.5,282
2.0,90.0,0.0,0.0,0.0,1.0,0.0,0.0,0.0,0.0,0.0,2.0,0.0,12.0,10.4,0.0,0.0,1.0,0.0,132136.0,5.0,73
1.0,17.0,0.0,0.0,0.0,0.0,0.0,0.0,0.0,0.0,0.0,0.0,0.0,0.0,0.0,0.0,0.0,0.0,0.0,41594.0,6.0,19
1.0,6.0,0.0,0.0,0.0,0.0,0.0,0.0,0.0,0.0,0.0,0.0,0.0,4.0,2.0,0.0,2.0,0.4,0.0,87664.0,5.5,16
1.0,35.0,0.0,0.0,0.0,1.0,0.0,0.0,0.0,0.0,0.0,0.0,0.0,27.0,22.4,19.7,2.0,4.4,0.0,21964.0,4.5,201
4.0,90.0,0.0,1.0,1.0,0.0,0.0,0.0,0.0,1.0,0.0,0.0,0.0,7.0,8.0,22.5,21.0,5.2,0.0,894557.0,10.5,355
3.0,90.0,0.0,0.0,1.0,0.0,0.0,0.0,0.0,0.0,0.0,0.0,0.0,4.0,2.4,4.3,0.0,0.7,0.0,33970.0,5.0,104
1.0,90.0,0.0,0.0,0.0,2.0,0.0,0.0,0.0,0.0,0.0,0.0,0.0,12.0,23.8,6.3,12.0,4.2,5851.0,356412.0,6.0,322
1.0,90.0,0.0,0.0,0.0,2.0,0.0,0.0,0.0,0.0,0.0,0.0,0.0,23.0,17.6,0.7,0.0,1.8,0.0,783246.0,4.0,210
1.0,1.0,0.0,0.0,0.0,0.0,0.0,0.0,0.0,0.0,0.0,0.0,0.0,0.0,0.0,0.0,0.0,0.0,0.0,62607.0,5.5,21
2.0,90.0,0.0,0.0,0.0,1.0,0.0,0.0,0.0,0.0,0.0,2.0,0.0,9.0,3.8,0.0,0.0,0.4,0.0,721549.0,6.0,310
3.0,90.0,0.0,0.0,0.0,1.0,0.0,0.0,0.0,0.0,0.0,4.0,0.0,17.0,22.6,0.0,0.0,2.3,0.0,1400435.0,4.5,282
1.0,2.0,0.0,0.0,0.0,0.0,0.0,0.0,0.0,0.0,0.0,0.0,0.0,8.0,4.4,12.2,0.0,1.7,0.0,143896.0,5.0,26
2.0,90.0,0.0,0.0,0.0,1.0,0.0,0.0,0.0,0.0,0.0,0.0,0.0,0.0,0.0,0.0,0.0,0.0,0.0,69564.0,5.5,28
3.0,90.0,0.0,0.0,1.0,0.0,0.0,0.0,0.0,0.0,0.0,0.0,0.0,23.0,43.6,6.5,19.0,6.9,0.0,30491.0,5.5,326
1.0,45.0,0.0,0.0,0.0,1.0,0.0,0.0,0.0,0.0,0.0,0.0,0.0,0.0,0.0,0.0,0.0,0.0,0.0,1682.0,5.0,73
2.0,90.0,0.0,0.0,0.0,1.0,0.0,0.0,0.0,0.0,0.0,0.0,0.0,16.0,14.2,18.2,0.0,3.2,0.0,0.0,4.5,166
2.0,68.0,0.0,0.0,0.0,1.0,0.0,0.0,0.0,0.0,0.0,0.0,0.0,0.0,0.0,0.0,0.0,0.0,0.0,7154.0,5.0,13
1.0,90.0,0.0,0.0,0.0,2.0,0.0,0.0,0.0,0.0,0.0,2.0,0.0,17.0,22.6,0.0,0.0,2.3,0.0,1400435.0,4.5,282
1.0,11.0,0.0,0.0,0.0,1.0,0.0,0.0,0.0,0.0,0.0,0.0,0.0,14.0,13.4,24.0,17.0,5.4,0.0,21938.0,4.5,83
2.0,90.0,0.0,0.0,0.0,1.0,0.0,0.0,0.0,0.0,0.0,0.0,0.0,21.0,26.0,37.0,28.0,9.1,-813.0,21842.0,5.0,230
1.0,1.0,0.0,0.0,0.0,0.0,0.0,0.0,0.0,0.0,0.0,0.0,0.0,0.0,0.0,0.0,0.0,0.0,0.0,75604.0,5.5,46
9.0,80.0,1.0,0.0,0.0,3.0,0.0,0.0,0.0,0.0,0.0,0.0,2.0,33.0,54.8,4.8,23.0,8.3,0.0,34553.0,5.5,207
2.0,90.0,0.0,0.0,0.0,3.0,0.0,0.0,0.0,0.0,0.0,0.0,0.0,9.0,13.6,28.6,9.0,5.1,0.0,518922.0,7.0,312
3.0,90.0,0.0,0.0,1.0,0.0,0.0,0.0,0.0,0.0,0.0,0.0,0.0,15.0,10.6,3.8,18.0,3.2,0.0,0.0,4.5,42
1.0,29.0,0.0,0.0,0.0,1.0,0.0,0.0,0.0,0.0,0.0,0.0,0.0,0.0,0.0,0.0,0.0,0.0,0.0,3638.0,5.0,73
2.0,90.0,0.0,0.0,0.0,1.0,0.0,0.0,0.0,0.0,0.0,0.0,0.0,16.0,14.2,18.2,0.0,3.2,0.0,0.0,4.5,166
6.0,90.0,1.0,0.0,0.0,3.0,0.0,0.0,0.0,0.0,0.0,0.0,0.0,0.0,0.0,0.0,0.0,0.0,0.0,278989.0,7.5,272
9.0,90.0,1.0,0.0,0.0,1.0,0.0,0.0,0.0,0.0,0.0,0.0,2.0,17.0,22.2,14.7,29.0,6.6,70648.0,322864.0,11.5,335
1.0,5.0,0.0,0.0,0.0,0.0,0.0,0.0,0.0,0.0,0.0,0.0,0.0,21.0,26.0,37.0,28.0,9.1,-813.0,21842.0,5.0,230
1.0,10.0,0.0,0.0,0.0,0.0,0.0,0.0,0.0,0.0,0.0,0.0,0.0,0.0,0.0,0.0,0.0,0.0,-1073.0,32682.0,4.5,73
3.0,90.0,0.0,0.0,1.0,0.0,0.0,0.0,0.0,0.0,0.0,0.0,0.0,6.0,6.8,27.2,2.0,3.6,0.0,78657.0,6.5,99
2.0,90.0,0.0,0.0,0.0,1.0,0.0,0.0,0.0,0.0,0.0,0.0,0.0,13.0,17.4,11.4,20.0,4.9,0.0,62869.0,6.0,184
2.0,90.0,0.0,0.0,0.0,1.0,0.0,0.0,0.0,0.0,0.0,0.0,0.0,14.0,12.6,4.5,0.0,1.7,0.0,64140.0,4.5,106
6.0,90.0,0.0,0.0,1.0,0.0,0.0,0.0,0.0,0.0,0.0,0.0,0.0,9.0,5.0,0.0,0.0,0.5,0.0,102540.0,5.0,235
0.0,88.0,0.0,0.0,1.0,0.0,0.0,0.0,0.0,0.0,1.0,0.0,0.0,13.0,8.4,3.8,5.0,1.7,0.0,269810.0,4.5,50
3.0,90.0,0.0,0.0,1.0,0.0,0.0,0.0,0.0,0.0,0.0,0.0,0.0,7.0,15.6,6.8,16.0,3.8,15876.0,141119.0,8.0,220
0.0,45.0,0.0,0.0,0.0,2.0,0.0,0.0,0.0,0.0,0.0,0.0,0.0,0.0,0.0,0.0,0.0,0.0,0.0,69564.0,5.5,28
2.0,90.0,0.0,0.0,0.0,1.0,0.0,0.0,0.0,0.0,0.0,0.0,0.0,15.0,6.6,17.4,4.0,2.8,0.0,280881.0,6.0,229
1.0,90.0,0.0,0.0,0.0,3.0,0.0,0.0,0.0,0.0,0.0,0.0,0.0,15.0,35.6,4.3,0.0,4.0,0.0,237865.0,4.5,141
2.0,90.0,0.0,0.0,0.0,1.0,0.0,0.0,0.0,0.0,0.0,0.0,0.0,11.0,6.8,17.2,21.0,4.5,0.0,42909.0,5.5,124
3.0,65.0,0.0,0.0,1.0,0.0,0.0,0.0,0.0,0.0,0.0,0.0,0.0,43.0,60.8,23.2,17.0,10.1,0.0,104796.0,5.0,165
0.0,25.0,0.0,0.0,0.0,0.0,0.0,0.0,0.0,1.0,0.0,0.0,0.0,0.0,0.0,0.0,0.0,0.0,-198.0,18715.0,5.0,96
8.0,90.0,0.0,2.0,1.0,0.0,0.0,0.0,0.0,0.0,0.0,0.0,0.0,3.0,3.0,0.3,7.0,1.0,0.0,1435176.0,6.0,137
1.0,10.0,0.0,0.0,0.0,0.0,0.0,0.0,0.0,0.0,0.0,0.0,0.0,14.0,12.6,4.5,0.0,1.7,0.0,64140.0,4.5,106
1.0,78.0,0.0,0.0,0.0,2.0,0.0,0.0,0.0,0.0,0.0,0.0,0.0,0.0,0.0,0.0,0.0,0.0,0.0,27859.0,4.5,234
13.0,87.0,1.0,1.0,1.0,0.0,0.0,0.0,0.0,0.0,0.0,0.0,2.0,10.0,14.0,46.8,35.0,9.6,0.0,1724987.0,9.0,353
7.0,90.0,1.0,0.0,0.0,3.0,0.0,0.0,0.0,0.0,0.0,0.0,1.0,2.0,0.8,2.7,8.0,1.2,0.0,64923.0,5.5,258
7.0,90.0,0.0,1.0,0.0,1.0,0.0,0.0,0.0,0.0,0.0,0.0,2.0,17.0,26.2,13.8,67.0,10.7,0.0,583310.0,8.0,239
1.0,29.0,0.0,0.0,0.0,1.0,0.0,0.0,0.0,0.0,0.0,0.0,0.0,0.0,0.0,0.0,0.0,0.0,0.0,3122.0,5.0,73
2.0,90.0,0.0,0.0,0.0,1.0,0.0,0.0,0.0,0.0,0.0,0.0,0.0,3.0,12.0,15.3,41.0,6.8,0.0,45716.0,6.0,115
7.0,90.0,0.0,0.0,1.0,0.0,0.0,0.0,0.0,0.0,0.0,0.0,1.0,11.0,22.8,10.2,6.0,3.9,-563.0,15118.0,4.5,3
6.0,90.0,0.0,0.0,1.0,0.0,0.0,0.0,0.0,0.0,0.0,1.0,0.0,29.0,14.0,0.0,0.0,1.4,0.0,400285.0,5.0,277
3.0,90.0,0.0,0.0,1.0,0.0,0.0,0.0,0.0,0.0,0.0,0.0,0.0,8.0,15.4,5.0,0.0,2.0,0.0,66864.0,5.0,123
1.0,90.0,0.0,0.0,0.0,1.0,0.0,0.0,0.0,1.0,0.0,0.0,0.0,14.0,14.8,4.6,4.0,2.3,11004.0,276468.0,5.5,231
1.0,3.0,0.0,0.0,0.0,1.0,0.0,0.0,0.0,0.0,0.0,0.0,0.0,0.0,0.0,0.0,0.0,0.0,0.0,0.0,4.5,73
2.0,73.0,0.0,0.0,0.0,2.0,0.0,0.0,0.0,0.0,0.0,0.0,0.0,16.0,17.0,58.6,23.0,9.9,0.0,471986.0,7.5,339
5.0,80.0,0.0,1.0,0.0,1.0,0.0,0.0,0.0,0.0,0.0,0.0,0.0,-7.0,9.2,0.8,19.0,2.9,0.0,403544.0,6.0,113
1.0,28.0,0.0,0.0,0.0,0.0,0.0,0.0,0.0,0.0,0.0,0.0,0.0,3.0,4.4,12.9,6.0,2.3,50916.0,1061409.0,4.5,73
1.0,45.0,0.0,0.0,0.0,0.0,0.0,0.0,0.0,0.0,0.0,0.0,0.0,0.0,0.0,0.3,0.0,0.0,0.0,462199.0,6.0,225
1.0,19.0,0.0,0.0,0.0,0.0,0.0,0.0,0.0,0.0,0.0,0.0,0.0,3.0,4.4,0.7,0.0,0.5,0.0,3104.0,5.5,14
2.0,90.0,0.0,0.0,0.0,1.0,0.0,0.0,0.0,0.0,0.0,0.0,0.0,19.0,36.6,15.3,54.0,10.6,0.0,2823465.0,12.0,306
2.0,90.0,0.0,0.0,0.0,1.0,0.0,0.0,0.0,0.0,0.0,0.0,0.0,42.0,85.2,71.6,64.0,22.1,344561.0,2063222.0,11.5,348
1.0,45.0,0.0,0.0,0.0,1.0,0.0,0.0,0.0,0.0,0.0,0.0,0.0,3.0,0.4,4.2,6.0,1.1,2206.0,2631.0,5.5,284
2.0,73.0,0.0,0.0,0.0,2.0,0.0,0.0,0.0,0.0,0.0,0.0,0.0,-3.0,1.2,0.3,32.0,3.4,0.0,32205.0,5.5,214
1.0,1.0,0.0,0.0,0.0,0.0,0.0,0.0,0.0,0.0,0.0,0.0,0.0,9.0,15.8,23.0,35.0,7.4,0.0,120632.0,5.5,193
6.0,90.0,0.0,0.0,1.0,0.0,0.0,0.0,0.0,0.0,0.0,0.0,0.0,0.0,0.0,0.0,0.0,0.0,0.0,769.0,4.5,73
2.0,90.0,0.0,0.0,0.0,3.0,0.0,0.0,0.0,0.0,0.0,0.0,0.0,11.0,10.4,23.2,9.0,4.3,-224.0,2586.0,5.0,133
1.0,45.0,0.0,0.0,0.0,1.0,0.0,0.0,0.0,0.0,0.0,0.0,0.0,27.0,26.0,0.1,2.0,2.8,0.0,88657.0,5.0,94
1.0,90.0,0.0,0.0,0.0,1.0,0.0,0.0,0.0,1.0,0.0,0.0,0.0,8.0,15.4,5.0,0.0,2.0,0.0,66864.0,5.0,123
0.0,90.0,0.0,0.0,0.0,4.0,0.0,0.0,0.0,0.0,0.0,0.0,0.0,21.0,23.2,1.3,2.0,2.7,0.0,256415.0,4.5,278
8.0,90.0,0.0,0.0,1.0,0.0,0.0,0.0,0.0,0.0,0.0,0.0,2.0,12.0,24.0,18.6,4.0,4.7,0.0,748080.0,4.5,260
7.0,90.0,1.0,0.0,0.0,2.0,0.0,0.0,0.0,0.0,0.0,0.0,0.0,29.0,25.8,0.1,0.0,2.6,0.0,101537.0,5.0,315
3.0,90.0,0.0,0.0,1.0,0.0,0.0,0.0,0.0,0.0,0.0,0.0,0.0,15.0,21.6,14.5,8.0,4.4,0.0,305763.0,5.0,128
2.0,60.0,0.0,0.0,0.0,4.0,0.0,0.0,0.0,0.0,0.0,0.0,0.0,5.0,1.8,12.4,12.0,2.6,0.0,0.0,6.0,139
2.0,90.0,0.0,0.0,0.0,1.0,0.0,0.0,0.0,0.0,0.0,0.0,0.0,13.0,4.2,1.0,2.0,0.7,0.0,76886.0,5.5,145
1.0,70.0,0.0,0.0,0.0,2.0,0.0,0.0,0.0,0.0,0.0,0.0,0.0,14.0,11.4,1.5,2.0,1.5,0.0,135308.0,5.0,51
2.0,67.0,0.0,0.0,0.0,3.0,0.0,0.0,0.0,0.0,0.0,0.0,0.0,0.0,0.0,0.0,0.0,0.0,0.0,23082.0,5.5,251
-1.0,90.0,0.0,0.0,0.0,7.0,0.0,0.0,0.0,0.0,0.0,0.0,0.0,20.0,23.4,19.6,4.0,4.7,0.0,766431.0,7.0,329
6.0,90.0,0.0,0.0,1.0,0.0,0.0,0.0,0.0,0.0,0.0,0.0,0.0,0.0,0.0,0.0,0.0,0.0,8063.0,10638.0,5.5,289
3.0,90.0,0.0,0.0,0.0,1.0,0.0,0.0,0.0,0.0,0.0,4.0,0.0,16.0,31.2,0.0,0.0,3.1,0.0,43295.0,4.5,157
1.0,18.0,0.0,0.0,0.0,0.0,0.0,0.0,0.0,0.0,0.0,0.0,0.0,0.0,0.0,0.0,0.0,0.0,19355.0,151442.0,8.5,316
14.0,85.0,1.0,1.0,1.0,0.0,0.0,0.0,0.0,0.0,0.0,0.0,3.0,37.0,46.4,18.8,23.0,8.8,20071.0,279640.0,6.5,317
4.0,57.0,1.0,0.0,0.0,3.0,0.0,0.0,0.0,1.0,0.0,0.0,0.0,4.0,0.0,0.4,2.0,0.2,0.0,8412.0,5.5,209
1.0,90.0,0.0,0.0,0.0,2.0,0.0,0.0,0.0,0.0,0.0,0.0,0.0,44.0,47.0,0.3,33.0,8.0,-696.0,12720.0,4.5,255
2.0,90.0,0.0,0.0,0.0,2.0,0.0,0.0,0.0,0.0,0.0,0.0,0.0,3.0,1.0,0.3,0.0,0.1,0.0,7807.0,5.0,98
2.0,90.0,0.0,0.0,0.0,1.0,0.0,0.0,0.0,0.0,0.0,0.0,0.0,0.0,0.0,0.0,0.0,0.0,0.0,4560.0,4.5,216
1.0,1.0,0.0,0.0,0.0,0.0,0.0,0.0,0.0,0.0,0.0,0.0,0.0,3.0,4.4,0.7,0.0,0.5,0.0,3104.0,5.5,14
2.0,90.0,0.0,0.0,0.0,2.0,0.0,0.0,0.0,0.0,0.0,0.0,0.0,9.0,8.6,14.7,26.0,4.9,0.0,182852.0,6.0,292
9.0,90.0,1.0,0.0,0.0,1.0,0.0,0.0,0.0,0.0,0.0,0.0,2.0,0.0,0.0,0.0,0.0,0.0,0.0,2064.0,5.0,72
7.0,90.0,0.0,0.0,1.0,0.0,0.0,0.0,0.0,0.0,0.0,0.0,1.0,14.0,30.0,1.1,6.0,3.7,0.0,25125.0,5.0,266
6.0,64.0,0.0,0.0,1.0,0.0,0.0,0.0,0.0,0.0,0.0,0.0,0.0,21.0,10.2,2.8,4.0,1.7,0.0,112927.0,5.0,53
2.0,66.0,0.0,0.0,0.0,1.0,0.0,0.0,0.0,0.0,0.0,0.0,0.0,0.0,0.0,0.0,0.0,0.0,0.0,7610.0,4.5,73
5.0,90.0,0.0,1.0,0.0,1.0,0.0,0.0,0.0,0.0,0.0,0.0,0.0,7.0,15.6,6.8,16.0,3.8,15876.0,141119.0,8.0,220
2.0,63.0,0.0,0.0,0.0,3.0,0.0,0.0,0.0,0.0,0.0,0.0,0.0,0.0,0.0,0.0,0.0,0.0,0.0,139604.0,8.0,204
8.0,90.0,1.0,0.0,1.0,0.0,0.0,0.0,0.0,0.0,0.0,0.0,2.0,17.0,26.2,13.8,67.0,10.7,0.0,583310.0,8.0,239
2.0,90.0,0.0,0.0,0.0,1.0,0.0,0.0,0.0,0.0,0.0,2.0,0.0,12.0,19.0,0.0,0.0,1.9,0.0,0.0,4.5,259
1.0,11.0,0.0,0.0,0.0,1.0,0.0,0.0,0.0,0.0,0.0,0.0,0.0,4.0,7.2,11.2,8.0,2.6,0.0,26389.0,6.0,156
0.0,90.0,0.0,0.0,0.0,2.0,0.0,0.0,0.0,1.0,0.0,0.0,0.0,15.0,16.8,18.5,2.0,3.7,0.0,87171.0,5.0,256
1.0,22.0,0.0,0.0,0.0,1.0,0.0,0.0,0.0,0.0,0.0,0.0,0.0,21.0,15.2,1.5,0.0,1.7,0.0,15739.0,5.0,62
1.0,4.0,0.0,0.0,0.0,0.0,0.0,0.0,0.0,0.0,0.0,0.0,0.0,-3.0,1.2,0.3,32.0,3.4,0.0,32205.0,5.5,214
3.0,90.0,0.0,0.0,1.0,0.0,0.0,0.0,0.0,0.0,0.0,0.0,0.0,16.0,15.4,18.2,20.0,5.4,0.0,2728.0,5.0,181
1.0,90.0,0.0,0.0,0.0,1.0,0.0,0.0,0.0,1.0,0.0,0.0,0.0,23.0,25.8,18.3,0.0,4.4,0.0,17314.0,5.5,263
-1.0,90.0,0.0,0.0,0.0,4.0,0.0,0.0,0.0,1.0,0.0,0.0,0.0,4.0,8.8,0.8,6.0,1.6,0.0,1006715.0,5.0,15
1.0,90.0,0.0,0.0,0.0,2.0,0.0,0.0,0.0,0.0,0.0,0.0,0.0,14.0,14.8,11.8,1.0,2.8,0.0,187445.0,4.5,125
2.0,67.0,0.0,0.0,0.0,1.0,0.0,0.0,0.0,0.0,0.0,0.0,0.0,0.0,0.0,0.0,0.0,0.0,0.0,6355.0,5.0,73
1.0,12.0,0.0,0.0,0.0,0.0,0.0,0.0,0.0,0.0,0.0,0.0,0.0,0.0,0.0,0.0,0.0,0.0,0.0,10789.0,6.0,178
3.0,90.0,0.0,0.0,1.0,0.0,0.0,0.0,0.0,0.0,0.0,0.0,0.0,15.0,21.6,14.5,8.0,4.4,0.0,305763.0,5.0,128
2.0,90.0,0.0,0.0,0.0,1.0,0.0,0.0,0.0,0.0,0.0,0.0,0.0,0.0,0.0,0.0,0.0,0.0,0.0,62607.0,5.5,21
1.0,90.0,0.0,0.0,0.0,1.0,0.0,0.0,0.0,1.0,0.0,0.0,0.0,0.0,0.0,0.0,0.0,0.0,0.0,22681.0,4.5,56
2.0,90.0,0.0,0.0,0.0,3.0,0.0,0.0,0.0,0.0,0.0,0.0,0.0,21.0,26.0,37.0,28.0,9.1,-813.0,21842.0,5.0,230
2.0,90.0,0.0,0.0,0.0,1.0,0.0,0.0,0.0,0.0,0.0,0.0,0.0,25.0,21.6,0.2,0.0,2.2,0.0,138741.0,5.5,280
1.0,1.0,0.0,0.0,0.0,0.0,0.0,0.0,0.0,0.0,0.0,0.0,0.0,12.0,10.6,4.3,0.0,1.5,0.0,60330.0,5.0,11
2.0,90.0,0.0,0.0,0.0,1.0,0.0,0.0,0.0,0.0,0.0,0.0,0.0,0.0,0.0,0.0,0.0,0.0,0.0,215812.0,6.5,343
2.0,90.0,0.0,0.0,0.0,1.0,0.0,0.0,0.0,0.0,0.0,0.0,0.0,13.0,19.8,0.5,8.0,2.8,6169.0,7762.0,5.5,323
10.0,90.0,0.0,2.0,1.0,0.0,0.0,0.0,0.0,0.0,0.0,0.0,2.0,1.0,8.6,11.2,60.0,8.0,0.0,1467030.0,8.5,303
1.0,3.0,0.0,0.0,0.0,1.0,0.0,0.0,0.0,0.0,0.0,0.0,0.0,44.0,76.8,30.3,11.0,11.8,0.0,304155.0,5.0,311
1.0,90.0,0.0,0.0,0.0,3.0,0.0,0.0,0.0,1.0,0.0,0.0,1.0,44.0,76.8,30.3,11.0,11.8,0.0,304155.0,5.0,311
3.0,90.0,0.0,0.0,0.0,3.0,0.0,0.0,0.0,0.0,0.0,7.0,0.0,16.0,31.2,0.0,0.0,3.1,0.0,43295.0,4.5,157
1.0,90.0,0.0,0.0,0.0,3.0,0.0,0.0,0.0,0.0,0.0,0.0,0.0,0.0,0.0,0.0,0.0,0.0,0.0,5946.0,4.5,7
1.0,21.0,0.0,0.0,0.0,1.0,0.0,0.0,0.0,0.0,0.0,0.0,0.0,0.0,0.0,0.0,0.0,0.0,0.0,444.0,6.0,73
9.0,84.0,1.0,0.0,1.0,0.0,0.0,0.0,0.0,0.0,0.0,0.0,1.0,3.0,0.4,4.2,6.0,1.1,2206.0,2631.0,5.5,284
2.0,90.0,0.0,0.0,0.0,1.0,0.0,0.0,0.0,0.0,0.0,0.0,0.0,11.0,10.4,23.2,9.0,4.3,-224.0,2586.0,5.0,133
9.0,90.0,1.0,0.0,0.0,1.0,0.0,0.0,0.0,0.0,0.0,0.0,2.0,18.0,31.6,1.4,21.0,5.4,0.0,461359.0,7.0,334
2.0,90.0,0.0,0.0,0.0,1.0,0.0,0.0,0.0,0.0,0.0,0.0,0.0,7.0,8.6,18.0,0.0,2.7,0.0,10068.0,5.0,138
1.0,77.0,0.0,0.0,0.0,3.0,0.0,0.0,0.0,1.0,0.0,0.0,0.0,4.0,0.0,0.4,2.0,0.2,0.0,8412.0,5.5,209
6.0,90.0,0.0,0.0,1.0,0.0,0.0,0.0,0.0,0.0,0.0,0.0,0.0,25.0,21.6,0.2,0.0,2.2,0.0,138741.0,5.5,280
2.0,90.0,0.0,0.0,0.0,1.0,0.0,0.0,0.0,0.0,0.0,0.0,0.0,0.0,0.0,0.0,0.0,0.0,-44155.0,347655.0,5.5,291
1.0,19.0,0.0,0.0,0.0,0.0,0.0,0.0,0.0,0.0,0.0,0.0,0.0,2.0,0.8,2.7,8.0,1.2,0.0,64923.0,5.5,258
1.0,73.0,0.0,0.0,0.0,3.0,0.0,0.0,0.0,0.0,0.0,0.0,0.0,14.0,11.4,1.5,2.0,1.5,0.0,135308.0,5.0,51
8.0,82.0,1.0,0.0,0.0,2.0,0.0,0.0,0.0,0.0,0.0,0.0,1.0,25.0,27.8,16.8,33.0,7.8,0.0,4535.0,5.5,52
2.0,85.0,0.0,0.0,0.0,1.0,0.0,0.0,0.0,0.0,0.0,0.0,0.0,16.0,17.0,58.6,23.0,9.9,0.0,471986.0,7.5,339
2.0,84.0,0.0,0.0,0.0,1.0,0.0,0.0,0.0,0.0,0.0,0.0,0.0,-2.0,0.0,3.7,26.0,2.8,60421.0,558286.0,7.5,116
9.0,69.0,1.0,0.0,0.0,1.0,0.0,0.0,0.0,0.0,0.0,0.0,2.0,23.0,25.8,18.3,0.0,4.4,0.0,17314.0,5.5,263
1.0,90.0,0.0,0.0,0.0,3.0,0.0,0.0,0.0,0.0,0.0,0.0,0.0,0.0,0.0,0.0,0.0,0.0,0.0,0.0,5.0,265
10.0,90.0,1.0,0.0,0.0,1.0,0.0,0.0,0.0,0.0,0.0,0.0,3.0,7.0,15.6,6.8,16.0,3.8,15876.0,141119.0,8.0,220
1.0,59.0,0.0,0.0,0.0,1.0,0.0,0.0,0.0,0.0,0.0,0.0,0.0,0.0,0.0,0.0,0.0,0.0,0.0,51564.0,4.5,107
1.0,17.0,0.0,0.0,0.0,0.0,0.0,0.0,0.0,0.0,0.0,0.0,0.0,-1.0,2.8,5.8,35.0,4.4,0.0,149187.0,7.0,77
2.0,90.0,0.0,0.0,0.0,4.0,0.0,0.0,0.0,0.0,0.0,0.0,0.0,23.0,43.6,6.5,19.0,6.9,0.0,30491.0,5.5,326
3.0,90.0,0.0,0.0,0.0,1.0,0.0,0.0,0.0,0.0,0.0,3.0,0.0,13.0,22.6,0.0,0.0,2.3,-36200.0,1047580.0,5.5,347
1.0,8.0,0.0,0.0,0.0,1.0,0.0,0.0,0.0,0.0,0.0,0.0,0.0,0.0,0.0,0.0,0.0,0.0,-432.0,18413.0,5.0,196
6.0,90.0,1.0,0.0,0.0,3.0,0.0,0.0,0.0,1.0,0.0,0.0,1.0,0.0,0.0,0.0,0.0,0.0,0.0,75604.0,5.5,46
10.0,90.0,0.0,0.0,1.0,0.0,0.0,0.0,0.0,0.0,0.0,5.0,3.0,15.0,20.0,0.0,0.0,2.0,0.0,296409.0,5.5,274
8.0,90.0,0.0,0.0,1.0,0.0,0.0,0.0,0.0,0.0,0.0,0.0,2.0,0.0,0.0,0.0,0.0,0.0,59156.0,865810.0,5.5,250
3.0,67.0,0.0,0.0,1.0,0.0,0.0,0.0,0.0,0.0,0.0,0.0,0.0,11.0,3.8,3.3,20.0,2.7,0.0,21001.0,5.5,33
1.0,41.0,0.0,0.0,0.0,0.0,0.0,0.0,0.0,0.0,0.0,0.0,0.0,0.0,0.0,0.0,0.0,0.0,0.0,161367.0,4.0,73
8.0,90.0,0.0,0.0,1.0,0.0,0.0,0.0,0.0,0.0,0.0,0.0,2.0,11.0,10.4,11.2,0.0,2.2,0.0,70232.0,5.0,302
7.0,90.0,0.0,0.0,1.0,0.0,0.0,0.0,0.0,0.0,0.0,0.0,1.0,19.0,17.6,10.4,4.0,3.2,0.0,36388.0,4.5,325
6.0,90.0,0.0,0.0,1.0,0.0,0.0,0.0,0.0,0.0,0.0,0.0,0.0,12.0,11.6,0.0,0.0,1.2,0.0,1121565.0,4.5,109
15.0,90.0,0.0,0.0,1.0,0.0,0.0,1.0,0.0,0.0,0.0,3.0,3.0,9.0,5.0,0.0,0.0,0.5,0.0,102540.0,5.0,235
2.0,90.0,0.0,0.0,0.0,1.0,0.0,0.0,0.0,0.0,0.0,0.0,0.0,4.0,14.4,11.8,0.0,2.6,0.0,50068.0,4.5,149
9.0,78.0,1.0,0.0,0.0,2.0,0.0,0.0,0.0,0.0,0.0,0.0,2.0,22.0,33.8,27.3,20.0,8.1,0.0,114860.0,4.5,164
1.0,90.0,0.0,0.0,0.0,3.0,0.0,0.0,0.0,0.0,0.0,0.0,0.0,29.0,15.6,1.4,6.0,2.3,0.0,771267.0,5.5,173
1.0,45.0,0.0,0.0,0.0,1.0,0.0,0.0,0.0,0.0,0.0,0.0,0.0,0.0,0.0,0.0,0.0,0.0,0.0,60979.0,5.5,73
2.0,90.0,0.0,0.0,0.0,1.0,0.0,0.0,0.0,0.0,0.0,0.0,0.0,0.0,0.0,0.0,0.0,0.0,0.0,15272.0,4.5,268
1.0,12.0,0.0,0.0,0.0,1.0,0.0,0.0,0.0,0.0,0.0,0.0,0.0,0.0,0.0,0.0,0.0,0.0,0.0,5293.0,5.0,73
2.0,90.0,0.0,0.0,0.0,1.0,0.0,0.0,0.0,0.0,0.0,0.0,0.0,0.0,0.0,0.0,0.0,0.0,-44155.0,347655.0,5.5,291
2.0,90.0,0.0,0.0,1.0,0.0,0.0,0.0,0.0,1.0,0.0,0.0,0.0,0.0,0.0,0.0,0.0,0.0,-623.0,11306.0,5.5,95
6.0,90.0,0.0,0.0,1.0,0.0,0.0,0.0,0.0,0.0,0.0,0.0,0.0,12.0,18.4,1.1,17.0,3.7,0.0,30741.0,5.0,219
4.0,90.0,0.0,1.0,0.0,1.0,0.0,0.0,0.0,1.0,0.0,0.0,0.0,0.0,0.0,0.3,0.0,0.0,0.0,462199.0,6.0,225
7.0,90.0,0.0,1.0,0.0,1.0,0.0,0.0,0.0,1.0,0.0,0.0,3.0,21.0,19.2,24.8,0.0,4.4,260.0,326.0,4.5,271
1.0,90.0,0.0,0.0,0.0,2.0,0.0,0.0,0.0,0.0,0.0,0.0,0.0,0.0,0.0,0.0,0.0,0.0,0.0,51620.0,4.5,121
3.0,69.0,0.0,0.0,1.0,0.0,0.0,0.0,0.0,0.0,0.0,0.0,0.0,6.0,3.0,0.4,0.0,0.3,0.0,3045.0,5.0,10
6.0,90.0,0.0,1.0,0.0,1.0,0.0,0.0,0.0,0.0,0.0,0.0,1.0,28.0,24.0,12.1,7.0,4.3,0.0,41401.0,5.0,64
2.0,90.0,0.0,0.0,0.0,2.0,0.0,0.0,0.0,0.0,0.0,0.0,0.0,10.0,7.4,26.4,0.0,3.4,0.0,7285.0,5.5,202
1.0,3.0,0.0,0.0,0.0,1.0,0.0,0.0,0.0,0.0,0.0,0.0,0.0,3.0,7.0,14.0,48.0,6.9,0.0,21822.0,5.5,131
2.0,90.0,0.0,0.0,0.0,2.0,0.0,0.0,0.0,0.0,0.0,0.0,0.0,41.0,67.0,13.4,23.0,10.3,0.0,6679.0,5.0,232
1.0,28.0,0.0,0.0,0.0,0.0,0.0,0.0,0.0,0.0,0.0,0.0,0.0,0.0,0.0,0.0,0.0,0.0,0.0,11802.0,4.5,68
6.0,79.0,0.0,1.0,1.0,0.0,0.0,0.0,0.0,0.0,0.0,0.0,0.0,25.0,27.8,16.8,33.0,7.8,0.0,4535.0,5.5,52
1.0,16.0,0.0,0.0,0.0,0.0,0.0,0.0,0.0,0.0,0.0,0.0,0.0,0.0,0.0,0.0,0.0,0.0,680.0,876.0,5.5,330
2.0,90.0,0.0,0.0,0.0,1.0,0.0,0.0,0.0,0.0,0.0,0.0,0.0,14.0,11.4,3.4,6.0,2.1,29089.0,36150.0,5.5,69
2.0,90.0,0.0,0.0,0.0,1.0,0.0,0.0,0.0,0.0,0.0,0.0,0.0,14.0,23.4,0.2,18.0,4.2,0.0,33230.0,4.5,172
2.0,90.0,0.0,0.0,0.0,1.0,0.0,0.0,0.0,0.0,0.0,0.0,0.0,11.0,7.0,10.2,0.0,1.7,0.0,19025.0,5.5,191
6.0,77.0,0.0,0.0,1.0,0.0,0.0,0.0,0.0,0.0,0.0,0.0,0.0,22.0,33.8,27.3,20.0,8.1,0.0,114860.0,4.5,164
1.0,45.0,0.0,0.0,0.0,1.0,0.0,0.0,0.0,0.0,0.0,0.0,0.0,5.0,1.8,2.6,12.0,1.6,0.0,94805.0,6.5,267
1.0,21.0,0.0,0.0,0.0,0.0,0.0,0.0,0.0,0.0,0.0,0.0,0.0,3.0,2.0,0.1,1.0,0.3,0.0,24892.0,5.5,1
1.0,90.0,0.0,0.0,0.0,1.0,0.0,0.0,0.0,1.0,0.0,0.0,0.0,2.0,0.0,0.0,0.0,0.0,0.0,30541.0,5.5,341
1.0,22.0,0.0,0.0,0.0,0.0,0.0,0.0,0.0,0.0,0.0,0.0,0.0,2.0,0.6,0.5,0.0,0.1,0.0,106766.0,4.0,73
2.0,90.0,0.0,0.0,0.0,1.0,0.0,0.0,0.0,0.0,0.0,0.0,0.0,11.0,16.4,15.4,4.0,3.6,0.0,145802.0,5.0,152
13.0,90.0,1.0,1.0,0.0,1.0,0.0,0.0,0.0,0.0,0.0,0.0,3.0,18.0,19.8,15.8,4.0,4.0,0.0,13748.0,5.5,288
1.0,76.0,0.0,0.0,0.0,3.0,0.0,0.0,0.0,1.0,0.0,0.0,0.0,0.0,0.0,0.0,0.0,0.0,0.0,7235.0,5.5,91
5.0,90.0,0.0,1.0,0.0,1.0,0.0,0.0,0.0,0.0,0.0,0.0,0.0,20.0,23.4,19.6,4.0,4.7,0.0,766431.0,7.0,329
2.0,90.0,0.0,0.0,0.0,1.0,0.0,0.0,0.0,0.0,0.0,2.0,0.0,12.0,18.2,0.0,0.0,1.8,0.0,462939.0,5.0,177
2.0,90.0,0.0,0.0,0.0,2.0,0.0,0.0,0.0,0.0,0.0,0.0,0.0,9.0,13.6,28.6,9.0,5.1,0.0,518922.0,7.0,312
2.0,90.0,0.0,0.0,0.0,1.0,0.0,0.0,0.0,0.0,0.0,0.0,0.0,2.0,2.4,10.7,28.0,4.1,0.0,35853.0,6.5,199
2.0,90.0,0.0,0.0,0.0,1.0,0.0,0.0,0.0,0.0,0.0,0.0,0.0,24.0,37.2,1.1,44.0,8.2,-10246.0,139905.0,6.5,228
0.0,90.0,0.0,0.0,0.0,4.0,0.0,0.0,0.0,0.0,0.0,0.0,0.0,25.0,21.6,0.2,0.0,2.2,0.0,138741.0,5.5,280
1.0,69.0,0.0,0.0,0.0,1.0,0.0,0.0,0.0,1.0,0.0,0.0,0.0,4.0,5.6,10.3,0.0,1.6,0.0,158296.0,5.5,82
2.0,90.0,0.0,0.0,0.0,3.0,0.0,0.0,0.0,0.0,0.0,0.0,0.0,6.0,4.8,36.4,19.0,6.0,-823.0,34888.0,5.5,293
1.0,45.0,0.0,0.0,0.0,2.0,0.0,0.0,0.0,0.0,0.0,0.0,0.0,2.0,3.6,11.2,13.0,2.8,-3221.0,51558.0,6.0,35
1.0,25.0,0.0,0.0,0.0,0.0,0.0,0.0,0.0,0.0,0.0,0.0,0.0,0.0,0.0,0.0,0.0,0.0,0.0,55175.0,7.0,18
4.0,90.0,0.0,1.0,0.0,3.0,0.0,0.0,0.0,0.0,0.0,0.0,0.0,20.0,23.4,19.6,4.0,4.7,0.0,766431.0,7.0,329
2.0,86.0,0.0,0.0,0.0,2.0,0.0,0.0,0.0,0.0,0.0,0.0,0.0,0.0,0.0,0.0,0.0,0.0,0.0,650190.0,8.5,206
2.0,90.0,0.0,0.0,0.0,4.0,0.0,0.0,0.0,0.0,0.0,0.0,0.0,-3.0,0.0,1.3,2.0,0.1,0.0,13584.0,5.5,195
1.0,90.0,0.0,0.0,0.0,2.0,0.0,0.0,0.0,0.0,0.0,0.0,0.0,14.0,14.8,11.8,1.0,2.8,0.0,187445.0,4.5,125
2.0,90.0,0.0,0.0,0.0,2.0,0.0,0.0,0.0,0.0,0.0,0.0,0.0,0.0,0.0,0.0,0.0,0.0,-623.0,11306.0,5.5,95
1.0,90.0,0.0,0.0,0.0,2.0,0.0,0.0,0.0,0.0,0.0,0.0,0.0,0.0,0.0,0.0,0.0,0.0,0.0,27859.0,4.5,234
1.0,27.0,0.0,0.0,0.0,0.0,0.0,0.0,0.0,0.0,0.0,0.0,0.0,5.0,4.2,10.6,36.0,5.1,3138.0,48709.0,5.0,17
1.0,72.0,0.0,0.0,0.0,1.0,0.0,0.0,0.0,1.0,0.0,0.0,0.0,6.0,6.0,28.3,0.0,3.4,0.0,57448.0,6.0,38
6.0,25.0,1.0,0.0,0.0,0.0,0.0,0.0,0.0,0.0,0.0,0.0,0.0,0.0,0.0,0.0,0.0,0.0,0.0,55175.0,7.0,18
6.0,90.0,0.0,0.0,1.0,0.0,0.0,0.0,0.0,0.0,0.0,0.0,0.0,28.0,20.6,1.2,0.0,2.2,0.0,71148.0,4.5,203
2.0,90.0,0.0,0.0,0.0,2.0,0.0,0.0,0.0,0.0,0.0,0.0,0.0,4.0,0.0,1.6,0.0,0.2,0.0,3307.0,5.0,90
2.0,90.0,0.0,0.0,0.0,3.0,0.0,0.0,0.0,0.0,0.0,0.0,0.0,15.0,10.6,3.8,18.0,3.2,0.0,0.0,4.5,42
3.0,63.0,0.0,0.0,1.0,0.0,0.0,0.0,0.0,0.0,0.0,0.0,0.0,2.0,6.6,4.6,24.0,3.5,0.0,66891.0,5.5,40
2.0,89.0,0.0,0.0,0.0,1.0,0.0,0.0,0.0,0.0,0.0,0.0,0.0,4.0,1.2,6.0,28.0,3.5,340570.0,1156211.0,9.0,257
2.0,77.0,0.0,0.0,0.0,1.0,0.0,0.0,0.0,0.0,0.0,0.0,0.0,3.0,4.8,12.8,9.0,2.7,0.0,37744.0,5.5,79
1.0,90.0,0.0,0.0,0.0,1.0,0.0,0.0,0.0,1.0,0.0,0.0,0.0,4.0,11.8,1.0,6.0,1.9,-815.0,38923.0,4.5,73
3.0,90.0,0.0,0.0,1.0,0.0,0.0,0.0,0.0,0.0,0.0,0.0,0.0,0.0,0.0,0.0,0.0,0.0,211.0,329.0,5.5,161
3.0,90.0,0.0,0.0,1.0,0.0,0.0,0.0,0.0,0.0,0.0,0.0,0.0,10.0,7.0,40.6,49.0,9.7,491.0,688315.0,7.0,350
1.0,90.0,0.0,0.0,0.0,1.0,0.0,0.0,0.0,1.0,0.0,0.0,0.0,0.0,0.0,0.0,0.0,0.0,0.0,1369.0,4.5,226
6.0,90.0,0.0,1.0,0.0,1.0,0.0,0.0,0.0,0.0,0.0,0.0,1.0,15.0,20.2,35.5,36.0,9.2,0.0,155868.0,5.0,160
2.0,90.0,0.0,0.0,0.0,1.0,0.0,0.0,0.0,0.0,0.0,0.0,0.0,7.0,8.6,18.0,0.0,2.7,0.0,10068.0,5.0,138
2.0,90.0,0.0,0.0,0.0,1.0,0.0,0.0,0.0,0.0,0.0,0.0,0.0,0.0,0.0,0.0,0.0,0.0,-44155.0,347655.0,5.5,291
1.0,20.0,0.0,0.0,0.0,1.0,0.0,0.0,0.0,0.0,0.0,0.0,0.0,0.0,0.0,0.0,0.0,0.0,0.0,3939.0,5.5,132
1.0,8.0,0.0,0.0,0.0,0.0,0.0,0.0,0.0,0.0,0.0,0.0,0.0,-1.0,2.8,1.6,26.0,3.0,0.0,14140.0,6.0,31
2.0,90.0,0.0,0.0,0.0,2.0,0.0,0.0,0.0,0.0,0.0,0.0,0.0,0.0,0.0,0.0,0.0,0.0,0.0,3122.0,5.0,73
2.0,90.0,0.0,0.0,0.0,1.0,0.0,0.0,0.0,0.0,0.0,0.0,0.0,13.0,8.4,3.8,5.0,1.7,0.0,269810.0,4.5,50
6.0,74.0,0.0,1.0,1.0,0.0,0.0,0.0,0.0,0.0,0.0,0.0,0.0,25.0,27.8,16.8,33.0,7.8,0.0,4535.0,5.5,52
6.0,90.0,0.0,0.0,1.0,0.0,0.0,0.0,0.0,0.0,0.0,0.0,0.0,0.0,0.0,0.0,0.0,0.0,0.0,69564.0,5.5,28
1.0,27.0,0.0,0.0,0.0,1.0,0.0,0.0,0.0,0.0,0.0,0.0,0.0,2.0,0.4,3.3,2.0,0.6,0.0,83611.0,7.5,168
2.0,87.0,0.0,0.0,1.0,0.0,0.0,0.0,0.0,0.0,0.0,0.0,0.0,0.0,5.4,11.8,63.0,8.0,0.0,642088.0,6.5,321
14.0,74.0,0.0,3.0,1.0,0.0,0.0,0.0,0.0,0.0,0.0,0.0,2.0,35.0,38.6,38.0,38.0,11.5,0.0,473242.0,8.0,103
2.0,90.0,0.0,0.0,0.0,1.0,0.0,0.0,0.0,0.0,0.0,0.0,0.0,29.0,22.0,0.0,0.0,2.2,0.0,556410.0,5.0,142
1.0,11.0,0.0,0.0,0.0,0.0,0.0,0.0,0.0,0.0,0.0,0.0,0.0,0.0,0.0,0.0,0.0,0.0,0.0,12449.0,5.5,144
5.0,90.0,0.0,1.0,0.0,1.0,0.0,0.0,0.0,0.0,0.0,0.0,0.0,4.0,0.0,0.4,2.0,0.2,0.0,8412.0,5.5,209
8.0,90.0,1.0,0.0,0.0,1.0,0.0,0.0,0.0,1.0,0.0,0.0,3.0,52.0,71.2,10.3,36.0,11.8,0.0,1036141.0,10.0,346
3.0,90.0,0.0,0.0,1.0,0.0,0.0,0.0,0.0,0.0,0.0,0.0,0.0,13.0,9.8,21.8,0.0,3.2,0.0,38334.0,5.0,25
2.0,90.0,0.0,0.0,0.0,2.0,0.0,0.0,0.0,0.0,0.0,0.0,0.0,4.0,0.0,1.6,0.0,0.2,0.0,3307.0,5.0,90
0.0,90.0,0.0,0.0,0.0,4.0,0.0,0.0,0.0,0.0,0.0,0.0,0.0,8.0,9.6,0.6,0.0,1.0,0.0,19684.0,4.5,4
2.0,71.0,0.0,0.0,1.0,0.0,0.0,0.0,0.0,1.0,0.0,0.0,0.0,0.0,0.0,0.0,0.0,0.0,0.0,55175.0,7.0,18
2.0,90.0,0.0,0.0,0.0,1.0,0.0,0.0,0.0,0.0,0.0,0.0,0.0,18.0,19.8,15.8,4.0,4.0,0.0,13748.0,5.5,288
2.0,82.0,0.0,0.0,0.0,2.0,0.0,0.0,0.0,0.0,0.0,0.0,0.0,0.0,0.0,0.0,0.0,0.0,680.0,876.0,5.5,330
1.0,90.0,0.0,0.0,0.0,2.0,0.0,0.0,0.0,0.0,0.0,0.0,0.0,16.0,14.2,0.8,0.0,1.5,0.0,103827.0,4.5,159
6.0,90.0,0.0,0.0,1.0,0.0,0.0,0.0,0.0,0.0,0.0,0.0,0.0,0.0,0.0,0.0,0.0,0.0,0.0,7125.0,5.5,221
2.0,90.0,0.0,0.0,0.0,1.0,0.0,0.0,0.0,0.0,0.0,0.0,0.0,20.0,23.4,19.6,4.0,4.7,0.0,766431.0,7.0,329
3.0,90.0,0.0,0.0,1.0,0.0,0.0,0.0,0.0,0.0,0.0,0.0,0.0,41.0,67.0,13.4,23.0,10.3,0.0,6679.0,5.0,232
2.0,90.0,0.0,0.0,0.0,1.0,0.0,0.0,0.0,0.0,0.0,0.0,0.0,24.0,37.2,1.1,44.0,8.2,-10246.0,139905.0,6.5,228
6.0,90.0,0.0,0.0,1.0,0.0,0.0,0.0,0.0,0.0,0.0,0.0,0.0,0.0,0.0,0.0,0.0,0.0,-7386.0,20376.0,5.0,308
15.0,90.0,2.0,0.0,1.0,0.0,0.0,0.0,0.0,0.0,0.0,0.0,2.0,43.0,60.8,23.2,17.0,10.1,0.0,104796.0,5.0,165
3.0,90.0,0.0,0.0,1.0,0.0,0.0,0.0,0.0,0.0,0.0,0.0,0.0,4.0,7.2,0.3,17.0,2.5,-260.0,4930.0,5.0,211
1.0,45.0,0.0,0.0,0.0,0.0,0.0,0.0,0.0,0.0,0.0,0.0,0.0,6.0,6.8,27.2,2.0,3.6,0.0,78657.0,6.5,99
1.0,90.0,0.0,0.0,0.0,3.0,0.0,0.0,0.0,0.0,0.0,0.0,0.0,0.0,0.0,0.0,0.0,0.0,-439.0,11308.0,4.5,249
2.0,90.0,0.0,0.0,0.0,2.0,0.0,0.0,0.0,0.0,0.0,0.0,0.0,11.0,8.8,11.3,0.0,2.0,0.0,10809.0,5.0,48
6.0,90.0,0.0,0.0,1.0,0.0,0.0,0.0,0.0,0.0,0.0,0.0,0.0,32.0,20.0,13.0,2.0,3.5,0.0,681843.0,4.5,285
1.0,45.0,0.0,0.0,0.0,2.0,0.0,0.0,0.0,0.0,0.0,0.0,0.0,21.0,26.0,37.0,28.0,9.1,-813.0,21842.0,5.0,230
2.0,90.0,0.0,0.0,0.0,1.0,0.0,0.0,0.0,0.0,0.0,0.0,0.0,11.0,9.8,3.5,0.0,1.3,0.0,17814.0,4.5,117
1.0,41.0,0.0,0.0,0.0,0.0,0.0,0.0,0.0,0.0,0.0,0.0,0.0,-3.0,0.0,0.7,17.0,1.7,-1476.0,85013.0,4.5,47
2.0,90.0,0.0,0.0,0.0,1.0,0.0,0.0,0.0,0.0,0.0,0.0,0.0,24.0,15.6,0.4,8.0,2.4,0.0,18959.0,4.5,237
11.0,90.0,1.0,0.0,1.0,0.0,0.0,0.0,0.0,0.0,0.0,0.0,3.0,7.0,12.4,21.6,46.0,8.0,0.0,367903.0,5.0,295
2.0,77.0,0.0,0.0,0.0,1.0,0.0,0.0,0.0,0.0,0.0,0.0,0.0,12.0,23.8,6.3,12.0,4.2,5851.0,356412.0,6.0,322
2.0,82.0,0.0,0.0,0.0,1.0,0.0,0.0,0.0,0.0,0.0,0.0,0.0,35.0,38.6,38.0,38.0,11.5,0.0,473242.0,8.0,103
2.0,90.0,0.0,0.0,0.0,1.0,0.0,0.0,0.0,0.0,0.0,0.0,0.0,3.0,4.8,12.8,9.0,2.7,0.0,37744.0,5.5,79
1.0,24.0,0.0,0.0,0.0,0.0,0.0,0.0,0.0,0.0,0.0,0.0,0.0,31.0,19.4,39.8,0.0,5.9,0.0,76806.0,4.5,43
5.0,90.0,0.0,0.0,1.0,0.0,0.0,0.0,0.0,1.0,0.0,0.0,0.0,44.0,47.0,0.3,33.0,8.0,-696.0,12720.0,4.5,255
2.0,69.0,0.0,0.0,0.0,1.0,0.0,0.0,0.0,0.0,0.0,0.0,0.0,5.0,1.8,12.4,12.0,2.6,0.0,0.0,6.0,139
1.0,22.0,0.0,0.0,0.0,0.0,0.0,0.0,0.0,0.0,0.0,0.0,0.0,3.0,2.4,0.3,0.0,0.3,0.0,99837.0,7.0,327
5.0,90.0,0.0,1.0,0.0,2.0,0.0,0.0,0.0,0.0,0.0,0.0,0.0,9.0,8.6,14.7,26.0,4.9,0.0,182852.0,6.0,292
1.0,90.0,0.0,0.0,0.0,3.0,0.0,0.0,0.0,0.0,0.0,0.0,0.0,12.0,17.0,11.2,2.0,3.0,0.0,166187.0,5.5,238
1.0,32.0,0.0,0.0,0.0,0.0,0.0,0.0,0.0,0.0,0.0,0.0,0.0,6.0,3.0,0.4,0.0,0.3,0.0,3045.0,5.0,10
1.0,90.0,0.0,0.0,0.0,1.0,0.0,0.0,0.0,1.0,0.0,0.0,0.0,8.0,2.0,2.3,0.0,0.4,0.0,10287.0,5.5,20
1.0,90.0,0.0,0.0,0.0,2.0,0.0,0.0,0.0,1.0,0.0,0.0,0.0,15.0,27.2,1.2,0.0,2.8,0.0,126755.0,5.0,242
1.0,90.0,0.0,0.0,0.0,1.0,0.0,0.0,0.0,1.0,0.0,0.0,0.0,1.0,8.6,11.2,60.0,8.0,0.0,1467030.0,8.5,303
3.0,66.0,0.0,0.0,1.0,0.0,0.0,0.0,0.0,0.0,0.0,0.0,0.0,0.0,0.0,0.0,0.0,0.0,0.0,10789.0,6.0,178
1.0,79.0,0.0,0.0,0.0,1.0,0.0,0.0,0.0,1.0,0.0,0.0,0.0,0.0,0.0,0.0,0.0,0.0,0.0,76220.0,4.5,24
1.0,8.0,0.0,0.0,0.0,0.0,0.0,0.0,0.0,0.0,0.0,0.0,0.0,26.0,28.4,33.7,2.0,6.4,0.0,16534.0,6.0,248
7.0,90.0,0.0,0.0,1.0,0.0,0.0,0.0,0.0,0.0,0.0,3.0,0.0,29.0,14.0,0.0,0.0,1.4,0.0,400285.0,5.0,277
2.0,90.0,0.0,0.0,0.0,1.0,0.0,0.0,0.0,0.0,0.0,0.0,0.0,0.0,0.0,0.0,0.0,0.0,0.0,2316.0,5.0,49
9.0,90.0,1.0,0.0,0.0,1.0,0.0,0.0,0.0,0.0,0.0,0.0,1.0,14.0,30.0,1.1,6.0,3.7,0.0,25125.0,5.0,266
5.0,90.0,0.0,1.0,0.0,2.0,0.0,0.0,0.0,0.0,0.0,0.0,0.0,52.0,71.2,10.3,36.0,11.8,0.0,1036141.0,10.0,346
1.0,69.0,0.0,0.0,0.0,2.0,0.0,0.0,0.0,0.0,0.0,0.0,0.0,14.0,11.4,1.5,2.0,1.5,0.0,135308.0,5.0,51
2.0,68.0,0.0,0.0,0.0,1.0,0.0,0.0,0.0,0.0,0.0,0.0,0.0,35.0,38.6,38.0,38.0,11.5,0.0,473242.0,8.0,103
6.0,90.0,0.0,0.0,1.0,0.0,0.0,0.0,0.0,0.0,0.0,0.0,0.0,0.0,0.0,0.0,0.0,0.0,0.0,11269.0,4.5,215
13.0,90.0,1.0,0.0,1.0,0.0,0.0,0.0,0.0,0.0,0.0,0.0,1.0,12.0,17.0,11.2,2.0,3.0,0.0,166187.0,5.5,238
8.0,90.0,0.0,0.0,1.0,0.0,0.0,0.0,0.0,0.0,0.0,0.0,2.0,21.0,23.2,1.3,2.0,2.7,0.0,256415.0,4.5,278
1.0,27.0,0.0,0.0,0.0,0.0,0.0,0.0,0.0,0.0,0.0,0.0,0.0,0.0,0.0,0.0,0.0,0.0,0.0,28676.0,6.0,36
0.0,90.0,0.0,0.0,0.0,5.0,0.0,0.0,0.0,0.0,0.0,0.0,0.0,12.0,6.4,1.7,0.0,0.8,0.0,48768.0,4.5,0
3.0,61.0,0.0,0.0,1.0,0.0,0.0,0.0,0.0,0.0,0.0,0.0,0.0,11.0,3.8,3.3,20.0,2.7,0.0,21001.0,5.5,33
1.0,90.0,0.0,0.0,0.0,2.0,0.0,0.0,0.0,0.0,0.0,0.0,0.0,29.0,25.8,0.1,0.0,2.6,0.0,101537.0,5.0,315
1.0,90.0,0.0,0.0,0.0,2.0,0.0,0.0,0.0,1.0,0.0,0.0,0.0,3.0,1.0,0.3,0.0,0.1,0.0,7807.0,5.0,98
2.0,90.0,0.0,0.0,0.0,1.0,0.0,0.0,0.0,0.0,0.0,0.0,0.0,0.0,0.0,0.0,0.0,0.0,0.0,76220.0,4.5,24
2.0,84.0,0.0,0.0,0.0,1.0,0.0,0.0,0.0,0.0,0.0,0.0,0.0,23.0,25.8,18.3,0.0,4.4,0.0,17314.0,5.5,263
1.0,35.0,0.0,0.0,0.0,0.0,0.0,0.0,0.0,0.0,0.0,0.0,0.0,15.0,10.0,32.3,2.0,4.4,0.0,781245.0,5.5,39
2.0,79.0,0.0,0.0,0.0,1.0,0.0,0.0,0.0,0.0,0.0,0.0,0.0,24.0,37.2,1.1,44.0,8.2,-10246.0,139905.0,6.5,228
2.0,90.0,0.0,0.0,0.0,3.0,0.0,0.0,0.0,0.0,0.0,3.0,0.0,17.0,22.6,0.0,0.0,2.3,0.0,1400435.0,4.5,282
7.0,90.0,1.0,0.0,0.0,2.0,0.0,0.0,0.0,0.0,0.0,0.0,0.0,4.0,5.6,10.3,0.0,1.6,0.0,158296.0,5.5,82
6.0,90.0,0.0,0.0,1.0,0.0,0.0,0.0,0.0,0.0,0.0,0.0,0.0,13.0,17.4,0.7,0.0,1.8,0.0,95090.0,5.0,200
1.0,25.0,0.0,0.0,0.0,0.0,0.0,0.0,0.0,0.0,0.0,0.0,0.0,3.0,2.0,15.3,6.0,2.3,0.0,132947.0,8.0,158
2.0,90.0,0.0,0.0,0.0,1.0,0.0,0.0,0.0,0.0,0.0,0.0,0.0,6.0,5.2,1.3,4.0,1.1,0.0,115657.0,5.0,119
5.0,90.0,0.0,0.0,1.0,0.0,0.0,0.0,0.0,1.0,0.0,0.0,0.0,0.0,0.0,0.0,0.0,0.0,0.0,69564.0,5.5,28
1.0,1.0,0.0,0.0,0.0,0.0,0.0,0.0,0.0,0.0,0.0,0.0,0.0,0.0,0.0,0.0,0.0,0.0,0.0,0.0,4.5,73
8.0,90.0,0.0,0.0,1.0,0.0,0.0,0.0,0.0,0.0,0.0,3.0,1.0,9.0,5.0,0.0,0.0,0.5,0.0,102540.0,5.0,235
2.0,90.0,0.0,0.0,0.0,2.0,0.0,0.0,0.0,0.0,0.0,0.0,0.0,19.0,36.6,15.3,54.0,10.6,0.0,2823465.0,12.0,306
2.0,90.0,0.0,0.0,0.0,1.0,0.0,0.0,0.0,0.0,0.0,0.0,0.0,19.0,14.0,2.0,7.0,2.3,0.0,180668.0,5.5,218
10.0,90.0,1.0,1.0,0.0,2.0,0.0,0.0,0.0,0.0,0.0,0.0,0.0,13.0,25.6,78.4,25.0,12.9,451998.0,1623046.0,10.5,352
